outlet_SO2,outlet_gas_flow,outlet_gas_temp
23.426905909090905,1255347.7727272725,47.62885327272727
16.834693090909088,1290846.0227272725,47.38696454545455
34.84616581818181,1511284.2727272725,47.451782
25.94654127272727,1483461.7840909087,48.06906290909092
22.56414436363636,1414250.3749999998,48.02398699999999
29.57946809090909,1454466.193181818,48.20833763636362
22.12612781818181,1515427.7159090906,47.97820999999999
17.529704636363633,1423390.602272727,48.05644172727273
32.18125909090909,1502298.568181818,48.435974
22.14397854545454,1504314.2272727273,48.4566408181818
40.57140127272727,1602724.954545454,48.697346545454536
14.81752518181818,1556218.1136363635,48.84081336363636
20.63474727272727,1611187.9545454544,49.535504818181806
34.04449727272727,1602488.3749999998,48.93950999999999
19.323449909090904,1360441.5681818177,48.42771681818181
16.101601818181816,1355088.443181818,48.02398699999999
17.31600827272727,1412845.8863636362,48.00109499999999
17.801773909090905,1489828.8636363633,48.118522181818165
19.45719872727273,1361478.7159090906,47.97820999999999
18.784018818181814,1374608.954545454,47.945327363636366
18.698804545454543,1361603.4090909087,48.044651818181805
26.845845,1452031.659090909,48.38867209090908
22.869803545454538,1416874.3977272725,48.40958227272728
16.494805090909086,1462670.1136363633,48.13842799999999
21.795642909090905,1387582.443181818,48.11553199999999
24.573082818181817,1479896.6477272725,48.092648
23.417389909090907,1485898.4999999998,48.25789372727272
23.387515636363634,1590823.420454545,48.25394036363635
20.370697090909086,1365004.6136363633,48.25286499999999
17.612441909090908,1464492.9886363633,47.74599699999999
34.46176563636363,1432701.7159090906,47.61761527272726
27.92931909090909,1406759.3295454544,48.01472263636363
40.43887363636363,1400091.4204545452,47.87847054545453
27.132763363636364,1504252.7386363633,47.96589654545454
21.932847090909085,1491008.420454545,47.68995699999999
24.834114818181817,1637241.3749999998,48.33477918181818
27.12221154545454,1523409.0909090908,48.664852
32.709231090909086,1649988.4659090908,48.90597754545454
31.04602245454545,1531449.568181818,48.76185354545455
34.072154999999995,1511175.511363636,48.962402
28.58613727272727,1753362.477272727,49.61498572727274
17.681635727272724,1474756.5568181814,49.34834427272728
21.72400627272728,1803548.7499999995,49.577153909090896
20.17421954545454,1755475.9204545452,49.19127999999999
24.18759009090909,1608889.7386363633,49.00567736363636
17.194970818181815,1872242.170454545,49.20189263636363
16.734799454545453,1663706.4886363633,48.86079118181817
28.78100309090909,1739546.0227272727,48.65104990909089
23.334804636363632,1491576.7386363633,48.435974
32.168707909090905,1609659.8977272722,48.4895149090909
40.16859118181818,1608601.3977272725,48.44127763636363
24.63860881818181,1538922.1136363633,48.435974
31.42670736363636,1568040.2727272722,48.17694945454545
32.34546545454545,1615232.5113636358,48.15406554545454
25.42780036363636,1584412.9886363633,48.16318609090908
25.56727118181818,1520073.9204545452,48.25286499999999
34.25136336363636,1636171.102272727,48.22269654545454
34.200417,1669120.704545454,48.39630145454544
22.708743545454546,1663691.329545454,48.34442099999999
27.74475309090909,1663625.8863636362,48.37674018181818
28.400277,1650546.4659090904,48.352531727272726
28.872238181818176,1657468.1136363633,48.367306
34.07949427272727,1647740.125,48.45972618181817
31.082961272727267,1649801.0113636362,48.85659336363636
30.539501090909084,1689672.1818181816,49.23546172727272
23.335363,1652074.897727272,49.23705699999999
29.925181,1632956.8522727268,49.24586672727273
24.650917727272727,1567606.761363636,49.122619999999976
23.449522181818185,1672964.9204545454,49.09993945454544
25.77545745454545,1726005.4204545454,49.51792254545454
24.90537972727272,1721936.806818182,49.225717
25.860007454545453,1709997.136363636,49.21417199999998
19.35294427272727,1570492.9659090906,49.06716472727272
30.52368209090909,1499966.534090909,49.55749099999999
19.008890636363635,1465366.6704545454,49.37439000000002
24.27577336363636,1580463.2727272722,49.102572
15.535622181818178,1422877.034090909,48.78470290909092
19.20422527272727,1516362.693181818,48.93950999999999
23.773436545454544,1632569.2499999998,49.305721000000005
19.82955836363636,1496179.988636363,49.37439000000002
16.955947909090906,1493609.8977272727,49.031718727272725
17.04409936363636,1446806.1590909087,48.825069
24.51854309090909,1535198.2499999995,48.83318554545454
24.947157454545447,1529974.795454545,48.893729999999984
24.48247818181818,1482608.4204545452,49.0239199090909
26.84381454545454,1555215.2954545452,48.98272272727272
19.793355909090906,1662703.318181818,48.87025627272726
35.55134154545454,1639214.3636363633,48.78251772727272
21.383205181818177,1423731.4999999998,48.48327245454545
36.54458254545455,1696569.5568181816,48.409338090909095
31.3657529090909,1771747.1136363633,48.33429209090908
16.550598454545455,1479734.102272727,48.00941954545453
19.296746909090903,1523378.420454545,47.80501927272727
31.384662545454542,1548519.4204545454,48.067472545454535
28.932513818181818,1655928.3977272727,47.772217
19.67182509090909,1506126.4659090906,48.14535827272726
25.868989363636363,1620056.136363636,48.08040472727273
32.14431163636363,1761534.0909090908,48.546808090909074
35.58472745454545,1764924.068181818,48.756409000000005
29.322440272727267,1690328.2727272725,48.550415
19.80902145454545,1718511.5227272725,48.53612681818181
26.64882672727272,1714057.9886363635,48.225467090909085
23.820700454545445,1801989.8636363635,48.367306
13.35525918181818,1628468.9090909087,48.50782163636364
26.00451854545454,1828505.625,48.25903627272727
21.99154445454545,1775898.3749999998,48.527519
32.69157509090909,1673405.3068181812,48.27575699999999
27.185109999999995,1827533.4772727268,48.11647536363635
29.346391909090908,1794312.9886363635,48.06976299999999
17.08208327272727,1709433.5568181816,48.02398699999999
25.314395181818178,1705044.568181818,48.2078169090909
22.169604909090907,1641003.5227272725,48.11553199999999
28.69933290909091,1707295.2159090906,48.13516436363636
17.216462909090907,1678341.6477272722,48.12607963636362
30.46779181818181,1649706.1022727268,47.7274429090909
17.975593181818176,1653048.9659090908,48.161312
24.654089,1791357.2499999998,48.270763181818175
27.093712454545454,1705456.1590909087,47.82815072727271
21.26674018181818,1717029.0909090906,48.02110481818181
25.697944818181814,1636579.3636363633,47.93246509090908
20.48680545454545,1521242.806818182,47.93953927272726
30.003056545454537,1757822.954545454,48.701198363636365
25.58901336363636,1609858.9886363635,48.710632
24.79220763636364,1602169.4659090906,48.72353036363635
25.269752090909087,1732948.5113636362,48.756409000000005
19.875851909090905,1645803.6136363633,48.756409000000005
22.84039672727273,1462278.7727272727,48.730015636363646
24.548152181818185,1652015.4659090908,48.624069818181816
29.65103136363636,1502618.4886363633,48.37254172727272
23.811329999999995,1596315.9318181816,48.02398699999999
27.28271345454545,1681951.0795454544,48.11685509090907
19.322220545454545,1683266.261363636,48.25286499999999
33.62777863636364,1546975.943181818,48.85093881818182
24.266137636363627,1591200.1477272725,49.341961181818185
28.12858672727272,1525485.8522727273,49.161908636363634
18.62502345454545,1330185.4659090908,49.12886181818181
30.366126272727264,1542004.079545454,49.119043818181815
38.10577745454545,1487471.568181818,48.89147845454545
33.662888636363625,1523257.2159090906,48.98528699999998
17.525285909090908,1530425.9318181814,48.34060463636363
20.719404090909087,1592217.9090909087,48.352532545454544
14.544678454545457,1722830.0227272722,48.21804745454545
35.63798763636363,1771733.2272727268,48.722492
19.214567454545453,1642434.9204545454,48.4674239090909
34.71689854545454,1640495.6363636362,48.44671818181818
23.973740727272723,1795451.8068181816,48.69224654545454
28.11974309090909,1760412.9772727268,48.64418636363635
22.951586454545453,1653966.4090909087,48.18898972727271
25.892705818181817,1835779.511363636,48.11553199999999
25.32286654545454,1787668.193181818,48.32305609090909
27.085694090909087,1823256.6477272725,48.27575699999999
28.500331454545453,1819786.125,48.38811381818181
24.935683272727267,1879671.284090909,48.133534090909095
24.306619454545448,1893331.386363636,48.02398699999999
17.710434,1876864.1818181807,47.86376999999999
27.33726727272727,1858113.329545454,48.25286499999999
21.63610581818181,1738140.6363636362,47.6395999090909
32.854455272727265,1830252.0454545447,47.85090163636364
27.187593181818176,1892946.8636363635,47.91620399999999
23.31677609090909,1846919.2045454544,47.97820999999999
19.777609909090906,1790383.943181818,48.02398699999999
23.916498999999995,1910433.954545454,48.45885799999999
16.588257727272723,1428508.7045454544,48.42681572727272
16.994537181818178,1742348.602272727,48.519027
14.608141909090907,1717910.0454545452,48.41741799999999
16.173658454545453,1659358.2386363635,48.73553
24.373992636363635,1706274.011363636,48.527519
20.26357781818181,1754274.4545454544,48.50463499999999
23.54027145454545,1776481.4090909087,48.4536590909091
26.609654181818183,1761189.3409090908,48.825069
23.96886954545453,1637872.7045454544,49.10156872727271
23.871064,1683312.3636363633,49.05394699999999
28.19674372727272,1838975.545454545,49.008179
25.475179,1774336.8181818177,48.91173399999999
32.28109554545454,1773532.318181818,48.96000618181819
17.480400999999997,1574035.7613636362,48.481743
22.392225727272724,1607329.9659090906,49.27305518181818
20.156425636363632,1695766.7840909092,49.08176427272727
28.767578727272724,1624508.4318181814,48.28414454545455
15.242529818181817,1501731.8409090908,48.0439609090909
34.79722663636363,1509295.8863636362,47.68066
25.58166636363636,1563981.1022727268,47.657775999999984
25.55740681818181,1547291.4886363633,47.33799572727271
21.571233727272723,1537667.7045454544,47.85315472727271
13.391129909090909,1688786.6477272722,48.756409000000005
18.219375,1698255.6363636358,48.49031436363636
11.669667999999996,1619489.3068181816,48.02398699999999
14.83473618181818,1505475.954545454,47.93242999999999
27.40266518181817,1596465.9659090906,47.80387481818183
19.770407090909085,1771001.261363636,48.298641
10.28446,1755056.8636363633,48.336892727272726
9.204215727272723,1447715.3295454544,48.41301454545453
24.48826409090909,1500075.238636363,48.06976299999999
7.15027809090909,1282710.7840909087,47.868932272727264
15.974779272727266,1453613.0454545452,47.98192027272727
12.95111472727272,1408778.852272727,48.232753181818175
22.827215454545453,1560798.8068181816,47.840878
24.845718545454545,1621639.9318181816,47.840878
38.67503554545454,1661299.4886363633,47.75227654545454
22.585603181818183,1519921.1704545452,47.95573599999999
27.64302272727273,1689172.8181818177,48.18420399999998
21.200953909090902,1524087.0795454544,47.93242999999999
28.508327,1680888.545454545,47.95660154545453
25.37247736363636,1570644.818181818,47.89501009090909
39.06734927272727,1691643.9886363633,47.62923181818182
19.22672854545454,1543624.7386363633,47.56622299999999
22.885371909090907,1472445.0454545454,47.75692245454546
11.426429090909089,1368607.6363636362,47.772217
18.80112518181818,1619391.0568181816,47.28428063636363
18.640722,1434580.4318181816,46.83879036363636
9.884143818181816,1399141.6590909092,47.406006000000005
24.519579181818184,1491877.9886363635,47.445019636363625
12.426985909090908,1425113.7386363635,47.05664554545453
17.285097999999994,1393815.7954545454,47.809425454545455
21.251527727272723,1382641.636363636,47.69134536363634
33.86891345454545,1491119.7727272725,47.291565
27.86219745454545,1468857.25,47.314449
18.894375090909087,1625004.011363636,47.34975254545454
11.750731818181816,1428264.443181818,48.22980463636364
19.712227545454542,1420223.4204545454,48.06976299999999
30.778758909090904,1448885.5909090906,47.90953799999998
28.48201163636363,1440292.9886363633,47.48368345454543
11.984939909090905,1379514.761363636,48.04687099999998
22.03627636363636,1516166.488636363,48.25286499999999
17.82905927272727,1467173.0227272725,48.161312
26.48671636363636,1479779.977272727,47.71253045454544
29.282200818181813,1623686.602272727,48.013443454545445
12.870043454545453,1356082.193181818,48.08061709090908
28.961109999999994,1461605.9545454544,47.67500899999999
19.546313090909088,1381350.1704545452,47.59445163636363
24.851496272727267,1555831.261363636,47.79576109090908
25.13136654545454,1484344.9659090906,47.57977781818181
4.323972909090908,1317429.2840909092,47.110778545454544
33.18941418181818,1476814.5227272725,46.57408627272727
37.28933327272726,1633104.340909091,46.83380099999999
20.258973727272725,1336408.193181818,46.83844799999999
8.326507727272725,1362177.329545454,47.37344154545454
21.76523381818182,1329890.886363636,46.796553181818176
24.29136681818181,1452898.2386363635,46.925354
18.78104954545454,1527083.7613636362,47.14438381818181
34.61283063636363,1608506.0340909092,47.497559
14.81678045454545,1616762.7727272725,47.56400254545454
27.652839,1662803.0227272725,48.57884945454544
28.12694518181817,1573509.5795454544,47.93242999999999
23.412849727272725,1608689.079545454,47.61199999999997
21.479448727272725,1560652.102272727,47.06267900000002
21.83233909090909,1431216.8068181814,46.90246199999999
18.04725472727273,1531073.0454545454,47.726436999999976
15.357958909090904,1406479.102272727,48.02599409090909
13.447917909090908,1431075.829545454,47.96607127272726
18.67754027272727,1565420.6590909087,47.53882627272726
23.508495272727263,1390573.977272727,47.67431681818181
14.777227727272724,1448923.7954545456,47.51801545454544
15.74702009090909,1432218.386363636,47.51281363636362
40.47725272727272,1529202.7840909087,47.24880427272727
18.82322372727273,1488453.3749999995,47.12992490909091
11.948786090909088,1467899.6590909087,47.16227963636364
21.012560999999994,1432814.0568181816,46.51336699999999
17.76734336363636,1571272.8863636358,47.200012
13.926676545454544,1477372.8409090908,47.31875027272726
24.35464445454545,1504854.727272727,47.42888999999999
29.28683645454545,1542491.136363636,46.87516981818181
29.58056063636363,1570576.2840909087,46.971123
30.22208472727272,1658881.2613636358,47.61199999999997
25.740685909090907,1640453.636363636,48.02398699999999
22.545137,1472357.3522727268,47.955315000000006
24.96873845454545,1617634.5795454544,48.21184172727271
20.90710036363636,1685074.2272727268,48.527519
25.328506818181825,1794461.8409090908,48.90150272727271
10.052055818181817,1416317.1136363635,48.65493527272727
24.44897054545454,1496209.5568181814,48.42466536363635
23.470730454545453,1530849.9886363633,48.390197999999984
33.9839139090909,1626968.0909090906,47.99429936363636
28.265410727272723,1622551.4659090906,47.86761518181818
15.388108909090906,1460072.9772727273,47.90953799999998
21.677713545454544,1522868.6590909087,47.69387654545453
16.535191999999995,1532272.2272727266,47.97820999999999
22.477674909090908,1561628.1363636362,47.94765509090909
10.48474818181818,1321421.5909090908,47.54551972727272
16.729499909090904,1440441.7499999998,47.56622299999999
22.68302827272727,1479524.3863636362,47.65860836363635
22.79316581818181,1277331.3068181814,47.77602754545455
15.130660818181816,1325584.6136363635,47.42888999999999
18.768846363636364,1311169.3636363633,47.11719863636364
16.898714909090906,1405187.511363636,47.22067827272727
28.40013181818182,1344689.4318181814,47.236906363636365
12.696709363636362,1345782.534090909,46.90180336363636
15.408371090909087,1404208.3977272725,47.337334
13.335296636363635,1216492.8977272727,47.291565
20.68560418181818,1309153.1477272725,46.81208409090908
11.49159218181818,1256683.0,46.42486027272725
17.744645999999996,1240766.4886363633,46.35314899999998
20.355815727272724,1332138.8409090908,46.44469799999998
24.13042190909091,1298878.227272727,46.43554681818184
28.06127218181818,1328698.5909090906,46.97948445454546
25.933747909090904,1363128.227272727,47.2308039090909
23.329609727272725,1490437.8295454546,47.42888999999999
27.79862018181818,1594727.4999999995,47.55699709090908
24.17834827272727,1574525.3636363633,47.589108
23.81637145454545,1596908.5568181816,48.20528518181817
33.251777636363634,1633571.1704545452,48.032757454545454
17.441002181818178,1693966.8068181816,47.97820999999999
19.189651727272725,1645743.909090909,48.21128554545454
23.08514127272727,1603865.8068181814,48.00109499999999
27.258688727272723,1780822.8409090904,48.05290690909089
28.091048909090908,1712813.8068181814,48.17712672727272
13.733557727272723,1477467.625,47.749321
13.135704545454544,1434444.8863636362,47.657775999999984
24.036378727272723,1413081.2386363633,47.58453036363637
20.362070909090903,1417477.477272727,47.36011990909091
25.88797336363636,1459573.3409090906,47.108456
25.753260909090898,1445233.579545454,47.01690299999999
24.35338209090909,1423936.784090909,46.979279090909074
24.62394645454545,1459666.136363636,46.79495918181817
25.812880181818183,1397449.6477272725,46.815976454545456
19.608927909090905,1378675.4318181816,46.79697036363636
26.235644636363634,1523725.0909090906,47.38380463636364
17.265782454545448,1429112.3409090908,47.38394636363636
18.12327736363636,1385599.7840909087,46.94823799999999
13.554696909090907,1243548.352272727,46.65069199999999
20.02978954545454,1359932.3068181816,47.04235927272726
18.220443454545453,1345462.2159090906,47.00875499999999
34.947839545454535,1571294.4659090906,47.55221236363635
20.32831981818181,1365872.3636363633,47.56622299999999
21.241849545454546,1397948.0795454544,47.419801727272734
28.5033419090909,1393708.3068181816,47.75161763636363
23.279141727272723,1423778.4659090908,47.13318199999999
26.59178781818182,1427510.102272727,47.471444727272726
28.95297781818181,1492083.295454545,47.80782845454545
22.049425090909093,1629419.636363636,47.7489109090909
17.771850545454544,1779465.5909090908,48.02911590909091
12.946672636363637,1685774.443181818,47.99551199999999
11.522154545454544,1445121.977272727,47.37832890909091
33.11434636363636,1611460.9204545452,48.02471318181817
40.40860318181817,1727911.704545454,47.92782127272727
18.81895136363636,1577833.602272727,47.85523818181817
23.668598909090907,1406559.4659090908,47.54062772727272
22.65846145454545,1532574.2727272727,47.474666999999975
20.714054909090905,1394494.7499999998,47.46145518181817
33.73332809090908,1545050.1590909087,47.314449
26.20192609090909,1504754.6363636362,47.43294790909089
32.01430972727272,1468210.477272727,47.89937781818181
20.969108090909085,1529489.2613636362,47.87472099999998
23.72728063636363,1421146.3636363633,47.770233818181815
23.403237545454544,1411236.6136363633,47.772972090909086
25.60009172727272,1500023.8863636362,47.749321
12.502223545454545,1375914.7954545454,47.15423199999999
21.026033818181823,1353485.8636363633,46.94823799999999
21.674670727272723,1426700.7840909087,47.657775999999984
25.133018,1318843.636363636,47.4795588181818
12.976830363636363,1376695.1477272725,47.08557099999999
23.568722,1608374.6249999995,47.390361727272726
22.500744545454545,1372450.102272727,47.772217
20.32629736363636,1344270.5568181814,48.06976299999999
18.532170727272725,1339733.784090909,48.04687099999998
40.16198081818182,1510174.8295454546,48.04687099999998
20.66798,1664257.1249999995,48.18316236363636
17.712723999999998,1784827.1249999998,48.95643436363635
12.403252727272728,1666562.9431818177,48.89814063636364
11.537456454545453,1480001.5227272725,48.50872999999999
24.117158909090904,1505335.068181818,48.298641
28.758257454545447,1639748.6477272725,48.09920554545454
22.90458127272727,1500684.0227272725,48.51364836363636
27.706956363636355,1552597.6818181814,48.65708527272727
27.827345909090905,1523005.829545454,48.54513727272726
17.670679727272727,1493581.5113636362,48.17931381818181
17.467963636363635,1464176.9090909087,48.333562272727264
17.868118999999997,1520872.6477272722,48.211666
23.527001636363632,1431739.909090909,48.15455027272726
22.35094145454545,1469127.727272727,47.7623988181818
30.00908418181817,1517332.7159090904,48.00109499999999
28.478346636363632,1470299.727272727,47.90947545454544
19.47144063636363,1473627.5454545452,47.963812
19.09087581818181,1388030.9772727268,47.90953799999998
17.539769999999997,1517787.1818181816,47.955315000000006
25.961316727272727,1543502.011363636,48.035014454545454
18.31460736363636,1599906.6022727273,48.53144163636363
19.671258909090906,1488364.0,48.32742554545454
28.34084236363636,1592729.443181818,48.45885799999999
25.663765909090905,1519536.7727272725,48.45885799999999
9.481180636363636,1336886.2613636362,48.3822519090909
26.358509545454545,1441573.159090909,48.01087654545453
30.57002381818181,1395367.2386363635,48.02398699999999
22.24516590909091,1506278.0227272725,48.02398699999999
17.307916999999996,1341022.727272727,48.24749272727272
26.157380090909086,1357122.704545454,47.83280018181818
35.88337809090908,1604608.7727272725,48.35412863636364
27.250605090909094,1774866.4999999998,48.192523363636354
19.902854,1564275.1477272725,48.205806818181806
23.694015272727267,1667854.329545454,47.92021918181817
26.07206063636363,1592721.5227272727,48.45885799999999
25.223192090909087,1568024.4204545454,48.67095627272727
20.38442763636364,1630044.6477272725,48.825069
23.73140718181818,1620238.0454545452,48.847960999999984
28.96780190909091,1582059.693181818,48.73351699999999
30.581651545454537,1590756.0568181814,48.79777518181817
22.150062909090902,1554114.886363636,48.641967999999984
19.796381909090908,1530653.8749999995,48.34442099999999
31.96648709090909,1489458.636363636,48.0772519090909
33.75003736363636,1671567.9318181814,47.93242999999999
27.151406999999995,1591821.2499999995,47.955315000000006
28.173682727272727,1583122.659090909,47.84975509090909
35.44028063636363,1617131.7727272725,47.51070118181817
31.163223999999992,1595733.4886363635,47.46520218181818
20.848701909090902,1432406.386363636,47.29253027272726
24.640446545454544,1634491.1249999995,47.92670636363636
22.0208209090909,1391168.2499999995,48.27575699999999
24.920641,1428632.227272727,48.04930081818181
17.735817909090912,1351909.159090909,47.75546654545453
20.377501909090903,1404797.579545454,47.61546527272728
28.53969,1409853.2613636362,47.8255859090909
23.702308909090902,1446901.8181818177,47.99207836363635
26.25294381818181,1493964.2272727268,48.041983090909085
27.72072927272727,1509668.4772727268,48.02398699999999
19.44641309090909,1489039.7613636362,48.56473481818181
28.267870909090902,1680851.3409090906,48.717980545454544
16.05454036363636,1498379.3749999998,48.31390054545454
24.95388963636364,1622769.9659090908,48.25286499999999
29.64897636363636,1493463.6818181816,48.07485790909091
27.50595654545453,1536803.3977272727,47.94858954545454
23.684977,1473281.8863636362,48.22383963636362
18.711347545454544,1388119.977272727,47.918869181818174
24.83266727272727,1442869.0795454544,48.161312
33.95706554545454,1497150.3863636362,48.13232036363635
19.091870909090904,1377970.943181818,48.0078908181818
22.59628372727272,1343807.1704545454,47.703552
21.757377090909085,1378472.3863636362,47.89702272727272
33.73718745454545,1408038.9204545452,47.88957045454544
30.00787945454545,1370791.7386363633,47.93242999999999
22.435824545454544,1395143.3295454544,47.56101963636362
22.04501518181818,1380209.5227272725,47.632841363636345
23.96010545454545,1403569.0909090906,47.6152598181818
25.654484,1485513.2954545454,48.01583699999999
18.21214081818181,1715674.7613636362,47.892443181818166
27.875080272727264,1485530.6818181814,48.65992909090909
23.09502163636364,1710121.443181818,48.88638109090908
28.781666272727264,1653577.9318181814,48.527519
18.294644818181816,1495196.2386363635,48.247179181818176
22.701890818181813,1522084.5340909087,47.92934709090908
27.88788963636363,1569085.0227272725,47.88665399999999
34.154093,1579134.4886363635,48.22997999999999
28.31525627272727,1573401.568181818,48.298641
9.457131909090908,1617329.693181818,47.817993
26.79748854545453,1698182.6363636365,48.77929300000001
21.568021090909088,1608282.2272727268,48.72751754545454
21.94438627272727,1619837.693181818,48.481743
16.60071909090909,1408328.5795454544,47.99610263636362
24.589355181818185,1719187.7499999998,48.26080645454545
26.028009272727267,1608330.454545454,48.756409000000005
25.870487,1725337.6136363635,49.07683899999998
19.873602272727272,1564378.1818181814,49.145504
17.86052027272727,1372734.4204545452,49.07101063636364
26.770414272727265,1405172.5909090908,49.05394699999999
27.511095090909087,1398860.534090909,48.59619099999998
29.171966,1355393.909090909,48.65230045454545
24.279205,1439347.0,48.48996609090909
24.31187145454545,1449667.909090909,48.53276236363635
30.20204945454545,1435441.0,48.458304454545456
28.79792509090909,1440514.3977272725,48.68392636363636
28.49868927272727,1595978.704545454,48.82347381818182
35.00274990909091,1696886.9999999998,48.72095981818181
22.735406727272725,1760410.5568181816,49.12504327272727
15.47003018181818,1619428.7386363633,49.26968618181818
19.545675,1739646.977272727,49.58037909090909
13.002562727272725,1540431.7727272722,49.50938827272727
21.11892709090909,1511710.5909090904,48.504429636363625
19.116891,1612770.8749999995,48.20708799999999
18.15353245454545,1523508.102272727,47.941761181818165
10.07372636363636,1436472.443181818,47.975467181818175
23.05508763636363,1426996.5795454544,47.817993
34.11034036363636,1526927.7159090906,47.329085363636345
29.366030545454542,1451519.8977272725,47.56622299999999
15.904849727272726,1309036.284090909,48.128126454545445
28.47065918181817,1501877.568181818,48.01701245454546
19.17225536363636,1404254.25,47.90049372727272
11.904467,1250318.5909090908,47.63488399999999
23.84389045454545,1451493.7954545452,47.657775999999984
26.75949818181818,1652480.4090909087,48.1217099090909
23.965924090909084,1506400.3636363633,48.52065254545455
12.702899727272726,1294224.318181818,48.073471
26.386660909090903,1293631.659090909,48.23410336363636
24.027041090909087,1418226.7386363638,48.37167518181818
29.35606145454545,1546519.9999999995,48.614430818181816
20.33752763636363,1442061.0568181814,48.291983
20.691293090909088,1359568.3409090908,47.7889959090909
32.485493818181816,1519681.7159090908,47.92268727272727
24.51791263636364,1430650.8068181816,47.703552
32.63028045454545,1630828.261363636,47.95726236363636
25.960127,1692332.170454545,48.224430818181816
9.43479827272727,1369170.0795454544,48.0120849090909
26.19376145454545,1295039.4318181814,47.840878
27.206941090909087,1378220.7386363633,47.78015463636363
20.506961727272724,1523514.545454545,47.79735218181818
10.585490545454544,1439916.034090909,47.88121072727272
26.666450181818178,1520219.9659090904,47.76756327272727
27.24829863636364,1407415.977272727,47.245789
28.003455818181813,1389326.284090909,47.21984863636364
22.095071636363635,1398913.943181818,47.24294518181818
26.27026081818181,1374929.0227272725,47.76448136363637
18.32038418181818,1347521.7386363635,47.497559
24.173227,1334153.2954545452,47.50917418181817
28.89707236363636,1612361.1931818177,48.46249609090909
32.452228,1698438.386363636,48.092648
34.17415172727272,1651991.9090909087,48.550415
27.84794,1526663.795454545,48.63974509090909
26.49020336363636,1548278.7159090908,48.08352781818181
17.078692818181818,1573903.3749999998,48.69096836363636
18.368668,1545274.852272727,48.27575699999999
21.419253999999995,1392304.8068181816,48.19252418181818
15.77390118181818,1282090.9318181816,47.8509349090909
23.033791,1291862.715909091,47.52044299999998
24.09862045454545,1282845.5795454544,47.557827454545446
25.101646272727265,1305690.0227272727,47.4029869090909
25.41454718181818,1338752.3977272727,47.337334
28.148549545454543,1349888.4318181814,47.222896999999975
23.103080999999992,1372575.2954545452,47.36189118181818
19.128138909090907,1308971.8977272727,47.38310999999999
30.290096,1469166.931818182,47.57052027272726
26.421002999999995,1314899.102272727,47.28414336363636
20.00171918181817,1333072.8636363635,47.222896999999975
19.574052636363632,1377047.727272727,47.543327
21.47880981818181,1561665.9772727268,47.857214
39.36498145454545,1531701.9204545454,48.01247036363634
20.989783,1428370.3409090906,48.413082
11.49338036363636,1367052.4090909092,47.90953799999998
16.408603727272723,1457369.2499999998,47.97820999999999
18.178397545454544,1514872.068181818,48.13842799999999
12.904296090909089,1528037.5795454544,48.25286499999999
22.246864636363632,1469973.909090909,48.45237190909091
19.02788145454545,1398295.068181818,48.321425
16.208210181818174,1695772.2499999998,48.45885799999999
21.02910054545454,1600721.6022727268,48.59296118181818
16.784685818181813,1571863.0909090906,48.321525999999984
20.429142818181813,1423314.9545454544,48.09126118181818
9.885089818181816,1485140.6818181816,47.749321
36.15942245454546,1463894.75,48.25286499999999
30.58487954545454,1444590.6818181816,48.247804181818175
39.81448699999999,1499520.125,48.19113718181816
10.56804509090909,1532940.352272727,47.95015009090908
16.01172618181818,1424440.8749999998,47.657775999999984
32.0942,1475263.477272727,47.57569018181817
32.274120090909086,1431921.3522727273,47.68066
38.39908199999999,1502366.125,47.94571545454544
41.034614909090905,1558143.7840909085,48.02398699999999
17.013796545454543,1414210.4204545454,47.8043979090909
13.757792818181814,1508538.7386363635,47.75941536363636
15.146301636363637,1445539.477272727,47.738300181818175
19.21029454545454,1462364.9545454544,47.703552
25.10285863636363,1541210.7272727268,47.52609372727272
16.922537363636362,1714912.9318181816,47.7051819090909
7.667003545454544,1381707.8636363635,48.0690679090909
21.37046836363636,1768527.602272727,48.82267409090908
12.601832636363634,1449144.8749999995,48.77662454545454
12.659834818181816,1580100.1363636362,48.092648
20.604233909090905,1470813.6249999998,48.17119936363635
20.687513363636363,1596875.2954545452,48.22997999999999
22.413232090909084,1576471.5227272725,48.297636636363634
30.2870619090909,1553637.0340909087,48.20708799999999
31.29345309090909,1647580.1704545452,48.633157
24.33003790909091,1648888.9545454544,48.77929300000001
26.679624454545447,1779632.7386363633,49.215732090909086
20.31271872727272,1668386.068181818,49.2521729090909
24.137064545454542,1690653.454545454,49.16839599999999
23.234709727272723,1642914.3863636362,48.88020981818182
19.87301918181818,1667219.5909090906,48.63704
38.53957963636363,1709496.1136363635,48.79184927272726
14.502115999999994,1712508.602272727,48.79580409090908
24.99531054545454,1727027.670454545,48.834675
27.39107818181818,1633816.0568181816,48.820147727272726
13.051072636363635,1509715.3409090908,48.04974772727272
30.110588272727263,1553538.681818182,48.01170927272726
24.56206927272727,1532832.352272727,47.92736681818181
18.78123563636364,1490868.6704545454,48.08671545454544
18.489760909090908,1549866.2499999998,48.527519
23.263872545454543,1466986.909090909,48.390197999999984
26.87225663636364,1514305.2613636362,48.550415
15.472465545454543,1540062.693181818,48.45885799999999
19.57734536363636,1472338.659090909,48.31379927272727
19.427526909090908,1327798.6363636362,47.77505718181818
24.219026909090903,1453109.5454545454,47.37892072727272
7.272861090909091,1194850.0113636362,47.679135090909085
13.661986,1361229.1136363633,47.34687772727272
12.55457718181818,1256702.2045454544,47.28462809090909
19.981173909090906,1331330.1249999998,47.31868099999999
21.24384909090909,1252536.2727272725,47.177116
10.868144636363636,1366503.3409090906,46.94175045454545
26.83526945454545,1433757.9545454546,46.4949489090909
21.57618572727273,1471071.8068181816,47.40246672727273
13.966171818181817,1310922.75,47.485697818181805
29.07729209090909,1573566.7727272722,47.95556254545454
6.660425818181817,1489548.9886363638,48.23871754545455
22.38727336363636,1488062.2159090906,47.749321
31.538270090909087,1560892.7045454544,47.840669909090906
21.77928927272727,1464398.3863636358,48.00109499999999
21.97100772727272,1303171.1818181816,47.93242999999999
25.15590181818181,1299906.4772727273,47.66477799999999
23.55361518181818,1339192.318181818,47.50636518181818
23.652148727272724,1369306.181818182,47.26867300000001
21.43774399999999,1379242.8636363633,47.26867300000001
26.390431909090907,1372250.579545454,47.726436999999976
27.82208636363636,1313137.4772727273,47.61199999999997
36.66882336363636,1330316.102272727,47.21873299999999
22.56174081818181,1331116.693181818,47.200012
23.61109172727272,1376295.1477272725,47.42348190909091
31.36608463636363,1291959.2045454544,47.26732181818181
18.45327545454545,1313800.818181818,47.11317472727272
20.87108363636364,1307879.7954545452,47.2556689090909
20.713537,1296600.5568181816,46.999497909090906
24.742047,1275461.886363636,47.01690299999999
22.203679636363635,1329741.727272727,47.05942145454545
36.27981063636364,1414278.852272727,47.26867300000001
22.16067172727272,1276180.602272727,47.497559
17.442498999999998,1339257.3863636362,47.61823799999999
25.13618136363636,1335363.1704545452,47.62656136363636
17.178949818181813,1300279.6704545452,47.703552
15.842632909090906,1370239.295454545,47.72522645454544
36.15971954545454,1609929.8522727268,48.10582581818181
16.185683909090905,1323347.8522727268,48.23174545454544
25.17998181818181,1428899.2272727268,48.664852
36.0625869090909,1479983.5568181814,48.435974
36.56594499999999,1510442.1818181816,48.79802354545454
22.37950572727272,1410519.4659090908,48.792855636363626
21.678822090909087,1482294.954545454,48.91662600000001
25.635265999999994,1316455.7499999995,48.527519
23.68066445454545,1312642.2386363635,48.45885799999999
17.38135736363636,1323994.852272727,48.518092090909086
24.90981427272727,1361097.8749999998,48.641967999999984
23.03201036363636,1387837.8636363633,48.550415
24.931621181818176,1319730.2159090906,48.45885799999999
29.852703545454546,1366370.1704545452,48.390197999999984
28.29832854545453,1401057.727272727,48.15417018181818
26.95625781818181,1387520.1704545454,48.41387909090909
19.47742036363636,1370166.670454545,47.94772709090909
32.49530109090908,1474956.5909090908,47.63488399999999
25.14560863636364,1408715.5909090908,48.38603363636363
26.946167545454543,1408438.409090909,48.307037272727264
6.243262545454545,1414772.5113636362,48.92331618181818
20.91381736363636,1422450.6136363635,48.36078854545454
29.68589918181818,1614382.0227272725,48.20681445454545
13.293082090909088,1505479.0568181814,47.82437399999999
15.932354,1447038.4999999998,47.83363045454545
13.90249809090909,1446732.2727272727,47.86376999999999
19.23871245454545,1529801.4772727273,47.76135663636363
28.885686545454544,1557851.1818181816,47.88665399999999
19.015322727272725,1728662.659090909,48.298641
21.609766909090904,1727713.8977272722,48.98265145454544
27.535475545454545,1726360.5340909087,48.920440727272734
11.872165,1510111.011363636,48.870846
22.114855636363632,1598016.6818181816,48.893729999999984
33.52260109090909,1654380.6704545454,49.26622536363635
21.18966572727272,1551601.727272727,48.847334
20.73435727272727,1520872.2954545454,48.90545563636363
20.750185090909085,1460061.1818181814,48.57329899999998
20.420897727272724,1487261.943181818,48.298641
21.908134727272724,1538050.704545454,48.511259818181806
23.795268,1433478.818181818,48.45851254545455
17.34762227272727,1476596.2613636362,48.134991
26.32204863636364,1517536.409090909,48.10530545454546
23.338770454545447,1575874.9659090906,48.06976299999999
20.77409609090909,1469069.954545454,47.82492654545454
19.02261336363636,1467175.5568181816,47.749321
27.59614781818182,1516697.3409090906,47.63543836363635
17.06565645454545,1525177.761363636,48.08494899999999
25.186560909090908,1624396.3863636362,48.52960472727271
30.957515090909087,1526165.977272727,48.166654
24.910161909090903,1431518.625,48.02637899999999
21.11200081818182,1501360.818181818,48.161312
27.11649936363636,1430716.352272727,48.04607336363635
20.510490272727267,1422500.568181818,48.04687099999998
18.35984836363636,1432839.5795454544,47.772217
12.434899909090907,1373020.9545454546,47.772217
24.735734999999995,1367194.704545454,47.68066
24.10857345454545,1379809.5568181816,47.749321
34.042126,1446721.1704545454,48.16353181818181
16.234306909090908,1428400.0568181816,48.65559509090909
29.699509181818183,1674464.1363636362,48.73351699999999
32.98969254545454,1488433.4886363635,49.01427709090908
28.30512581818181,1455176.5454545452,48.80433072727272
33.779782545454545,1571322.2386363633,48.527519
26.372856363636355,1617913.25,49.09397218181816
27.88337318181818,1551891.2272727266,49.04139772727272
22.26438354545454,1563923.7272727268,48.557970909090905
25.260673727272724,1518967.443181818,48.27464218181818
31.001347272727266,1539464.9659090908,48.132840181818175
22.92263372727272,1412191.7727272727,48.11553199999999
26.544774545454537,1471898.5568181814,48.00109499999999
26.54593181818181,1413199.852272727,47.80009736363635
28.40632936363636,1513075.727272727,47.68610781818182
26.466842727272724,1470009.3749999995,47.467486909090894
27.92056345454545,1542642.1704545452,47.52044299999998
24.391688545454542,1548905.0795454544,47.589108
25.97422309090909,1500021.8636363633,47.955315000000006
21.557844,1515573.7613636362,48.10232009090908
19.295768545454543,1461317.193181818,47.460032454545455
24.96339772727272,1432590.0909090908,47.108456
31.700963272727268,1447910.2499999995,47.08730499999999
24.22664890909091,1417142.7613636358,47.55276381818181
20.939824,1506430.2386363633,47.94422163636363
28.515163909090905,1500127.3068181814,47.93971299999999
27.219515454545448,1574861.2840909087,48.06431736363635
26.62632318181818,1511861.0113636365,48.18420399999998
30.57440981818181,1470357.0113636362,48.20840618181818
27.462674090909086,1487087.079545454,48.11553199999999
32.23339381818181,1735229.1363636362,48.54964427272727
29.378564545454545,1737375.8749999995,49.36259690909091
23.602181727272725,1532969.0568181816,49.18646
30.81975136363636,1567827.8977272725,48.807937545454536
23.65778863636364,1538067.5795454544,48.25286499999999
29.49341963636364,1551093.1590909087,48.45885799999999
24.55863063636363,1442222.443181818,48.24634627272727
17.601713454545454,1430642.318181818,47.97709509090908
15.658115999999994,1603307.852272727,48.08009218181817
24.11493381818181,1435473.7499999998,47.90953799999998
11.212619727272726,1463704.5568181816,48.233827818181815
24.166583454545453,1444032.7386363633,48.02703872727272
14.529262999999998,1431032.1704545452,47.65641972727272
10.847009363636364,1419975.045454545,47.89768109090909
17.424421545454543,1430902.9431818177,47.93242999999999
17.999893454545454,1404753.3863636362,47.86376999999999
15.896434909090909,1412807.6136363638,47.38824281818181
11.405681727272723,1426514.568181818,47.543327
29.71815327272727,1512484.1022727266,47.93083609090908
23.114425181818177,1459517.1704545452,47.48517363636364
26.14798581818182,1654505.0454545452,47.451019090909085
33.575942545454545,1704091.1477272725,47.81417454545454
15.884029909090906,1379948.2159090906,47.795101
25.088472181818183,1481425.7159090908,47.993467636363626
25.483715181818177,1490653.0795454544,48.00109499999999
16.92048209090909,1494601.568181818,47.88665399999999
33.02880045454545,1790913.0454545447,48.24214854545456
18.917186,1582415.3409090906,48.619076
26.398280545454543,1504048.193181818,48.68773699999999
12.04524036363636,1445300.2954545454,48.27367172727271
33.61517881818182,1507463.829545454,48.71028181818181
28.717013272727268,1460659.6249999995,48.870846
41.00865672727272,1474652.136363636,48.650010090909085
17.880507181818178,1349948.7499999998,48.93950999999999
25.01802536363636,1359422.8295454546,48.5902599090909
21.947089,1249628.3636363635,48.270136999999984
19.56990118181817,1226752.818181818,47.85908163636363
29.02206481818181,1441066.7045454544,47.69182663636363
15.248582090909087,1334927.5227272727,48.08037181818181
26.552931,1322519.943181818,47.88665399999999
21.731718,1264147.0909090908,47.553352
25.987623363636363,1363115.4886363633,47.714440090909086
26.69816263636364,1441075.193181818,48.07849609090908
26.34601627272727,1581729.6818181816,48.02398699999999
23.893445818181814,1498424.1136363633,48.00109499999999
13.329260272727272,1382302.1249999995,48.02713654545455
21.277226545454543,1555781.7613636362,48.137664999999984
28.482789090909087,1711015.1704545452,48.43166936363636
17.816355818181815,1641756.784090909,48.55030763636361
16.70930245454545,1526808.761363636,48.655388090909085
16.54688390909091,1429435.0454545454,48.13842799999999
32.99978290909091,1592682.0227272725,48.327913090909085
28.112573727272725,1490184.534090909,48.25286499999999
25.030381272727272,1495933.9090909085,48.2531788181818
26.03945145454545,1532757.8749999998,48.25286499999999
31.418139545454544,1617700.3977272727,48.49204609090907
36.79180209090909,1577651.943181818,48.27575699999999
27.60500881818181,1644309.8749999995,48.96219072727272
32.969156,1631624.7045454544,49.58260118181818
14.629658090909086,1474247.3068181816,49.44304999999999
31.296300818181816,1456004.772727273,49.30034545454545
25.70032381818181,1525796.8522727273,48.77471945454546
12.930545636363632,1388423.3749999998,48.748221363636354
23.134291,1365031.5909090908,48.527519
16.558609454545454,1349716.4545454544,48.527519
21.68568436363637,1282569.8749999998,48.02932754545454
14.019149818181816,1318707.9886363633,47.86376999999999
21.685627090909087,1434917.2727272727,47.83137781818182
28.012817909090906,1443986.5568181814,47.723387818181806
16.353555818181814,1332039.852272727,47.749321
10.278820454545452,1332697.943181818,47.68066
23.551066,1379583.9090909087,47.97820999999999
30.375739727272727,1353990.2386363633,48.15749945454545
28.539317727272724,1501920.704545454,48.25286499999999
31.47335718181818,1496230.6477272725,47.954697181818176
30.381015545454545,1498955.4318181814,48.25286499999999
24.66231018181817,1386952.0454545452,47.39347945454544
20.334817636363635,1259698.579545454,47.63488399999999
24.88227745454545,1351909.8409090906,47.657775999999984
27.633362272727265,1448204.9999999995,47.939402
20.09065618181818,1332333.9318181816,47.763477090909085
23.787888090909085,1323313.3409090908,47.567260818181815
21.54888363636364,1357052.2045454546,47.56268309090909
22.157435545454543,1347811.9659090908,47.75668036363636
5.7578928181818165,1338320.6477272727,47.63304654545454
24.50153527272728,1555415.3636363633,47.8983438181818
19.240637909090907,1594856.7840909085,48.99458354545455
31.455798363636355,1710086.6818181816,49.76615481818182
27.495882272727272,1780065.8068181814,49.884446
27.74426781818181,1773608.1363636362,50.00686399999999
21.54693436363636,1603522.352272727,49.89866563636363
25.187588272727268,1605303.7840909087,49.78526727272727
29.85229045454545,1516130.4204545454,49.67099763636361
31.01346118181817,1596857.159090909,49.37439000000002
16.55694227272727,1382640.443181818,49.0793019090909
9.587975909090908,1219504.8068181816,48.092648
19.87691945454545,1258962.8295454544,47.73441245454544
