noise,sin_high_freq,noise,cos_high_freq,noise,vary_freq_sin,noise,vary_freq_cos,noise,non_fourier_freq_sin,noise,non_fourier_freq_cos,noise,sin_low_freq,noise,linear_periodic_med_freq,noise,cubic,noise,cubic_y_stretched,noise,parabola,noise,spike,noise,lopsided_l_shaped,noise,l_shaped,noise,sigmoid,noise,exp_base_10,noise,exp_base_2,noise,linear_periodic_high_freq_2,noise,linear_periodic_high_freq,noise,linear_periodic_low_freq,noise,line
0.9877425991553216,-0.023927420774196795,0.9974892685660849,-0.030186205862959815,0.7624460589396808,-0.0026679370645656614,0.9927897904631108,-0.029125103756593395,0.9291137004840906,-0.008777444984478666,0.9993090316696607,-0.04128246316225246,0.9473924716295647,-0.0036076584626387564,0.9555730193451915,-0.009199230844319038,0.65574490911484,0.05465483385457945,0.8366983240100511,-0.009092409000970322,0.8384489073770838,0.05350621060541765,0.9921964083925024,-0.07088468560910646,0.9879728566321583,-0.2373940432063705,0.9721866369670482,-0.2422140323947496,0.9464285948053701,0.012698597264031657,0.9115913885481912,0.05990799508670501,0.9750605042964173,0.0042125763666955255,0.9929108433047424,-0.04868745870758329,0.40047592861582026,0.4926367999943529,0.8491058903703939,0.14525103847570783,-8.515900183470038e-05,3.8717346241123565
0.9276010287919936,-0.018097430569752493,0.9993546436151296,-0.030580958886346536,0.9976890541831593,-0.02506636196080574,0.13015654059233017,0.02966046572751595,0.26574138275876313,0.05437788629414256,0.9960532774223082,-0.0372041264568603,0.872592750110109,0.005253485094106788,-0.001720266165865958,0.18920616172131888,0.8772108732421731,-0.014803209818677937,0.0012036660497557472,0.37850039491063475,0.8385273345363476,0.050843038935558194,0.04029397026054904,0.1338057554177115,0.99264454347544,-0.23813330503819535,0.39122451898340804,-0.20826260395613402,0.961447162586314,0.00204320183056037,0.9750502983324002,0.0029267112678184838,0.9757306853550981,0.006633216460171362,0.9744647694881262,-0.020667863250671444,0.6565678886920397,0.2354289508437815,0.399270435532067,0.5349196961271867,0.5065133717549943,0.4268004586647515
0.9462627135139084,-0.012681738341485662,0.9613951706239211,-0.019043785054577423,0.9915621242596526,-0.023596569629368763,0.7621724034564885,-0.004219052840891998,0.8931489538608022,-0.0006087705565289354,0.9991741517942512,-0.041039022283078395,0.9884045213940034,-0.020983817068454362,0.9306304837097403,-0.0018977410296938408,0.7072199181571126,0.0320041350971576,0.9703668362213971,-0.0692531411479188,0.6042556554004468,0.17957663367920176,0.8721967554472485,-0.03377910596964469,0.6599292999544443,-0.2250998196065657,0.0011488730489261911,-0.19913782837072433,0.7591877661741455,0.13066288981221774,0.041488197444573105,1.2030516834309504,0.6071927200123166,0.313445685807412,0.995898388940433,-0.052607245895408224,0.9629882014411558,-0.014214010024198871,0.6014212429922856,0.3389486138378069,0.5871355088713333,0.33491016778043375
0.0007274558680172571,-0.015206065702335247,0.030644019168756587,-0.016667303906344567,0.9931024196662187,-0.025298516793550174,0.0011901489773601392,0.02570160519723578,0.945869923907225,-0.01087599240949236,0.9930420331695387,-0.03829462776120716,0.514458959532397,0.05348668875972365,0.002158942758775484,0.18971130052331947,0.448924097739007,0.1203972059583536,0.9422424531013184,-0.04809667319459339,0.9875913515962497,-0.042524009215720755,0.8428978788448114,-0.027268323680024433,0.7664070280867057,-0.2275302043872775,0.25685034931670403,-0.20372814502853012,0.031091710328680078,0.8943858793626918,0.9975485315043381,-0.033368131541970804,0.0008457261174389386,1.7339796430945984,0.9436487036687744,0.00577172681714305,0.8936864010484293,0.04809893001521719,0.8983918733533024,0.10132488769743975,0.9955077339309386,-0.026381356654353177
0.998413668730701,-0.02711208322744455,0.1393831859459257,-0.012214991304449193,0.7599522939884591,-0.0006919166479256161,0.42749046968963955,0.019063759002796447,0.9973306801656705,-0.026757042110560705,0.9734641832057153,-0.025531949519498578,0.9880994444248704,-0.01967566970874775,0.9984205777752487,-0.02807224793050228,0.9994660356772602,-0.08795885319182484,0.0007799896542551865,0.37835451242049634,0.8941560400474585,0.028498864032674813,0.7931819473990291,-0.022958815829775336,0.5141239269252251,-0.22331387479475523,0.7509181007276235,-0.2239555404578782,0.01270147532277699,0.9663435319254616,0.7582806472745127,0.16225403542625888,0.9125897570301555,0.06771942858648827,0.1518690798950828,0.8890045237802006,0.7978349797136568,0.12729834644538093,0.8123377037647441,0.18199568904035504,0.03481393609870875,1.6315452038624196
0.9877246888925426,-0.025364722722446723,0.7116573569044276,-0.015460092922993914,0.2513734110167284,0.024830756725653488,0.8062649822961547,-0.005516031793247084,0.4959828012710311,0.033285852555598384,0.9929065909638336,-0.03718137853549519,0.9621836873181638,-0.011609662835833433,0.992542195583807,-0.024276073027375104,0.9995075527208225,-0.08845154500837304,0.9267771680828973,-0.046973117556911005,0.9961025731095966,-0.05134066725477709,0.9306409100437937,-0.04641215368480247,0.03803666650349857,-0.22757111842180294,0.9440981791938604,-0.23488447464209602,0.8723075184697013,0.07713293302055309,0.8938751637646312,0.07078813444322378,0.9872766333489452,-0.016140858758714703,0.8879246465047694,0.06085409298274728,0.9958182259138615,-0.0634316119811576,0.7353110347643096,0.24654086031767716,0.8910881643902868,0.09532096913728799
0.9455056236898627,-0.017350790026630956,0.4976827704567187,-0.013499478138818723,0.7998762292716095,-0.004468906465461494,0.8400013386805241,-0.008909258990669475,0.8403796471452114,0.0031258605701513995,0.6507028423650654,0.023495385431843024,0.5033795136587743,0.0538943835572296,-0.0010504690575989795,0.18962493958572108,0.8383973196919785,-0.007917237387130299,0.5751537423554113,0.07952589991277376,0.9991927315288319,-0.058747668681336636,0.908432639458083,-0.04715295729758566,0.8388311951679358,-0.2260554006522467,0.9973925967236629,-0.24836117824676762,0.037451117445231,0.8904547585046712,0.9473473176355742,0.03621325238364289,0.8959416421023075,0.08835406446721479,0.25880824966075144,0.6321166988237418,0.9925252660774512,-0.053621634656775635,0.9993516031568567,-0.013170125504216207,0.9960892759479248,-0.021036973769718248
0.9604418156163024,-0.020940987290361347,0.5836710289820699,-0.012044974487920563,0.8687084146840485,-0.004791560165233843,0.98748395768839,-0.025289973619999642,0.9732583042466717,-0.01585442258785392,0.9240683212470969,-0.014969497004826143,0.9750834461366807,-0.015000488923870606,0.984533410623496,-0.02068471368070189,0.9436815876818098,-0.0463955697992597,0.9944639098867037,-0.08754881220928261,0.999372697691184,-0.05551719995076401,0.9975145661821266,-0.07701174015526877,0.9754087404450233,-0.23421790344036442,0.9972479466744052,-0.2476684900758705,0.9993616559515015,-0.05422069893307294,0.5903493842143406,0.2874303812326888,0.27573205759636776,0.6409200434601158,0.945101750122719,0.019537712322158184,0.6672211524484877,0.23373284572180905,0.9933637289288886,0.0012660273755014158,0.9620155474317262,0.028573393982872317
0.8362802949981014,-0.01177535381589518,0.9736563781917708,-0.020210146629658067,0.7248670117366633,0.005836285117937673,0.8733772954399416,-0.008166933418088777,0.9279038727114559,-0.006174621541589509,0.9960318993717036,-0.04004483941484006,0.7220817366298729,0.025721475065404783,0.9925400380784088,-0.022550940822284905,0.8014375829527542,0.0017454576947838294,0.7184710999622339,0.029367929476907008,0.494794347005303,0.21582402391836245,0.7593163140352689,-0.014090131291067877,0.7957102679133659,-0.22616628159117727,0.8877104486877089,-0.23393277081742841,0.9106376459133828,0.032750450217590196,0.5957737160057128,0.28479161007792464,0.9971424483817696,-0.029908241354892364,0.9101806670392392,0.05697242013852385,0.5912919280510331,0.2918614923417155,0.505789892113964,0.4085894465693453,0.9738166021192812,0.016288913595481524
0.9608732372060811,-0.017776986479101826,0.6697006054767423,-0.0150479476589045,0.017129600915103516,0.032169824242277135,0.1259622108940771,0.0312049520101096,0.011623394621415706,0.07269266543717794,0.25885728751296544,0.07818535479259583,0.0007832325791148342,0.12220232705130331,0.06418611141872888,0.1489760805077378,0.9968015758553929,-0.08499978134220622,0.9436262724745592,-0.05217759998281657,0.4917579205442797,0.22079841479154302,0.006757897456777906,0.14476362420723501,0.3900996007015557,-0.22168936161942457,0.9928806979889744,-0.24768758199789923,0.9990459133458317,-0.05372895506303759,0.25190737100384664,0.6046823487457121,0.947921703186366,0.03963656043539504,0.9870962527537624,-0.03942041942978944,0.9958695358843277,-0.06058045283795459,0.593177311290331,0.3260970739267074,0.960909992570485,0.03211087295303501
0.03481983833534774,-0.007093843966246992,0.9277234892912083,-0.01959914485493748,0.585460819512406,0.0057631873435359795,0.1387791005659874,0.03020138997195078,0.015354190376988153,0.07358642227421425,0.26557985270523055,0.07886772882339578,0.8965576544170335,0.00349012361510477,0.9976333669523266,-0.02840172488865071,0.009650605035553705,0.3807183345874861,0.944594163617942,-0.053026766715254844,0.961600026237077,-0.01588619837149939,0.9925232855537287,-0.07203778096038618,0.3931797808822375,-0.2251062407238165,0.9978140496332384,-0.2501265232768085,0.9105793176701064,0.028869514596129665,0.2680358150818489,0.6109492329250543,0.8991363104487201,0.09363984440308866,0.3740178532377726,0.46859047740483556,0.9924716366566252,-0.059219936885587104,0.1399993456250227,0.9988800821625365,0.7628272981932824,0.19486130834705562
0.25673670624945943,-0.004551636502985866,0.01007926775269885,-0.022355158926896473,0.5927656306426237,0.0074462857380539005,0.9747521152484622,-0.02125839367108938,0.7612986450547279,0.012026388522392089,0.9873396447954697,-0.03268242447193703,0.7227624203057814,0.025022756381891293,0.955197161080577,-0.008115182140719645,0.3099872823912386,0.18475097453908573,0.7666539266418263,0.01690487238468613,0.9961186593031126,-0.05343438923534889,0.009539697553949233,0.14757736419432899,0.4994890947050885,-0.22363115788136,0.83004325498118,-0.22789832862008105,0.8397848015185037,0.08803214951402735,0.8008337146703901,0.14681629618614656,0.9466190788793422,0.03735614771997851,0.7123682871293271,0.19082788070478812,0.9613549857952997,-0.018991058855377392,0.8452416390928732,0.13827027276982687,0.7988586801492652,0.16474971382512313
0.8691924538046261,-0.013423602643159996,0.8025788562211297,-0.014820030850578291,0.9295729635208058,-0.01240769087849683,0.842065345460706,-0.00789484280627111,0.92959198094912,-0.006775813353056478,0.9956816962520145,-0.03633427042775213,0.5913903827663498,0.038987823093385617,0.9847596742961013,-0.020957325292157526,0.8745121553181192,-0.011987073391790764,0.44830880195050105,0.11570247956237725,0.9961181500222482,-0.05295706257047567,0.009106391217165943,0.14685543057487413,0.9875586475577599,-0.23579785341962547,0.9874308077477372,-0.24706852240502766,0.7149390641578646,0.1549296186632026,0.9926448030947378,-0.022836703922143053,0.006794016852170959,1.559330748743439,0.7128703555051474,0.19330124701557053,0.9609429284368532,-0.016247312095098602,0.030589716125457467,1.5353256918579592,0.01124712462299493,2.2854618950023093
0.9952111340955311,-0.027904201110721946,0.8986540569104465,-0.01613770163473259,0.7203211447768068,0.001376843919242609,0.9959198956733786,-0.028462067733287213,0.6541288182467406,0.019373282787120322,0.6600636965523141,0.022905348271410688,0.3945985378151221,0.07241686419333963,0.9957849513093628,-0.024756048059568134,0.6482047234303736,0.053090870396127574,0.014211882555554167,0.3669624878294009,0.8970911609672578,0.03377092498512326,0.5970575748675582,0.013438987693689237,0.9874688734197649,-0.23373293354477134,0.9087680514911195,-0.23009682814037682,0.7656012888258235,0.1289124298096861,0.9117968459862298,0.06107833076724785,0.9626008854348626,0.02409891717219193,0.9873477802095669,-0.03632594188892624,0.7167254707243391,0.17860369740530743,0.4912524689228239,0.4034736660864346,0.1413384604813811,1.0376981242394883
0.987427114316271,-0.02300259300698699,0.03457628448062333,-0.016413276529302155,0.9960915460896904,-0.02586944997903789,0.7064003161463592,-0.0028683405908680286,0.8691483582467163,-9.505470619877905e-06,0.3779277325291587,0.05866125734756404,0.5082322844826543,0.055069701406803576,0.9653678778996769,-0.012071835246604906,0.9298951536884665,-0.04387359027800327,0.943407775206256,-0.055190631289499484,0.6552940645122254,0.1404467873159136,0.8425363402905501,-0.030686692491730828,0.5966108001345692,-0.2242731135565619,0.839970279267922,-0.22657820939836892,0.7670623940177638,0.1386615005943617,0.8948367302421442,0.0774771331329691,0.9754635548673829,0.007456456403454947,0.0012810376165630633,1.7284845593851192,0.38762934196361354,0.4860117388261809,0.9763250250334148,0.01946359741888998,0.9993746813262783,-0.02899849159920883
0.4045548260273969,-0.007205604840538187,0.9959914528606965,-0.028216685125940364,0.6561095932581777,0.005814279283112159,0.9617010745772806,-0.017165461378998114,0.9961069739817707,-0.026784166590245035,0.9992855334940978,-0.040872532845993924,0.9620963428836052,-0.007655154290818191,0.01496095314593493,0.17972018555669342,0.5575078418044686,0.08118120946731729,0.9980404764789919,-0.09187591413145943,-8.085572996985313e-05,0.6450004347751979,0.9463798212906646,-0.05281674173836759,0.8713583215288586,-0.22827487339480138,0.9870253238108877,-0.2456789261153693,0.37085882027666206,0.3724187116135875,0.03717922383790018,1.1968678568593416,0.9746632229296315,0.004614828329925553,0.9445774852863184,0.011073769541909506,0.9986133671485645,-0.0649264709770168,0.011390083682718988,2.044493480029748,0.8061363370944825,0.18847184817609802
0.9128397925119812,-0.01790757632115418,0.014335054522999213,-0.021024119440974747,0.0022858112679170484,0.031275284265921875,0.9960924196716963,-0.03260701475958939,0.393674467481815,0.04214993961591316,0.013657007078738403,0.10142547513100203,0.9933039690484444,-0.02353762540993235,0.6105330689982051,0.039821528097539055,0.9566604730206256,-0.052072865135959726,0.8968506511478493,-0.025466465867760416,0.1617579693171025,0.49462032453145505,0.972303272856205,-0.06455458807250235,0.7661775049073959,-0.22583936981068803,0.23779647380273494,-0.2014422403525141,0.8319614177934475,0.08470107709176171,0.9291407696191846,0.04470827316999102,0.9309242782579542,0.06011588268364456,0.9956813160677731,-0.05310351849980815,0.5938687762490313,0.2918916496287443,0.0009703769299186371,2.5891874591123467,0.8441824918665065,0.1396971231574085
0.8421469331207491,-0.014976132610527458,0.9256956963749239,-0.019756036950585195,0.010436724409201625,0.03194699240523033,0.13975617878684843,0.029355775601597453,0.5937826169669853,0.020692882272597888,0.6777616391396821,0.024645272870082873,0.975168586747571,-0.012823780417456094,0.805949875591235,0.017554481948713563,0.9943655766810797,-0.083449941246615,0.4467947486250843,0.1202437798833117,0.8460063501650649,0.0655794192091947,0.7179975393404345,-0.010113153720864758,0.717345598480081,-0.22394149651216502,0.6560167862025743,-0.21900526625856834,0.660117049139904,0.19098654261045958,0.9627507586946493,0.017714327915922402,0.01068538406424191,1.5691436414896127,0.908565927596352,0.03549611771878402,0.973915620492482,-0.03020067974588421,0.9309609760495937,0.06890407792109154,0.9100522158238183,0.07655563972747179
0.9446770087377095,-0.01721610504743044,0.3968144522970327,-0.013225297144635908,0.0014053498824827537,0.03008179862771514,0.8417470827963847,-0.01026519728447514,0.1398725862629795,0.07070533779842936,0.9958073007448681,-0.0382487921885674,0.0006541913503932406,0.12240575402198028,0.7670914257274506,0.020417724655817003,0.9701539517492203,-0.06491692758053533,0.72139856055907,0.030558439545648394,0.7677684369672861,0.09414032095833508,0.6739815741269108,7.071341017819736e-05,0.998548985913465,-0.23954056181809205,0.9602031312230292,-0.2411058511712201,0.8378855767560333,0.08141957485292506,0.9874523269478396,-0.01508680637438379,0.9140785882146532,0.07875962108077093,0.9928540594395142,-0.04939725356090224,0.6584286370550365,0.22058939252378318,0.6052936203567401,0.34381835326654436,0.5873991298077574,0.33612055917780886
0.657099863441386,-0.009199663875148152,0.9751830634488793,-0.02498865744688562,0.5918305666409902,0.0070791320950922285,0.9993594713442275,-0.03163092431035454,0.9932494526293268,-0.02618920358977573,0.7226692673656239,0.01809431227908982,0.9960707712123676,-0.023919729301371647,0.609640101430031,0.030926606890775716,0.979799754704354,-0.07267202411318809,0.9270890490513213,-0.04463839588926916,0.7194777276037727,0.1174714628612049,0.9743712717360249,-0.0633609399996912,0.9974953810782942,-0.24050269477542058,0.03485099141466619,-0.1935551712310248,0.9961059324387247,-0.051626398549695834,0.6581111696051607,0.23028424083593071,0.8419231888307427,0.11200144497833359,0.763712992092663,0.16289421953633917,0.9137741018407851,0.032225418896411305,0.772797566008107,0.20177997735500003,0.8418197922068418,0.1401575141053893
0.9930232708596335,-0.027079038159005978,0.9635704305923105,-0.020838665539917856,0.8044927094113277,-0.003988240576614266,0.871519201638483,-0.007802808563455784,0.9737399831371686,-0.013862191800009954,0.4999707280675081,0.04649363180714408,0.0005944073434218655,0.12245907485909652,0.9664788479667725,-0.01231135597378585,0.2055793520655128,0.2659877075740089,0.1709131056707457,0.25802773082107144,0.9465444101003141,0.004771835956707625,0.9993916206614459,-0.07735976366575834,0.5988303910476539,-0.22347605997080774,0.26312706800918606,-0.19981765073441277,0.4922277735368932,0.2949860120847567,0.9931166215509774,-0.025066937678438882,0.5196432350453688,0.3761598888120129,0.5764000318488662,0.2802221290643643,0.3700184346443053,0.47351624111883445,0.8790468122235039,0.12396935211951847,0.3901574670810549,0.5434067473316129
0.9927908477319175,-0.024549776003611398,0.9462424454615547,-0.020156293266302663,0.9930537399964439,-0.02381585793120521,0.6755754359837645,0.0035708469521148647,0.9958779141719302,-0.026714740180162077,0.24797224098838144,0.07774365872943384,0.8948231294209154,0.0010184604435679878,0.9178640297747774,-0.003508293735549801,0.04264116914435789,0.34736578627508297,0.8697549282040724,-0.02197293862451693,0.00462354103318019,0.6348893836120388,0.9098603189823259,-0.046976143283484095,0.9985136234691601,-0.23875416009929767,0.5821910865494078,-0.2185280059413015,0.997277773732363,-0.050692428823416,0.0005791451940106995,1.5541588674780002,0.9961187955770422,-0.028172434640241325,0.013853620654550092,1.5186032215498624,0.2644049124689659,0.6485310928034531,0.9309758379307005,0.07189213337922803,0.9245173174714504,0.060179848094306786
0.013241098370623594,-0.01289443575349042,0.9122965000000155,-0.017540601479118578,0.9987335780961375,-0.02612838204087591,0.9071459066813992,-0.01438853415298086,0.7565958371117202,0.008128314726001368,0.004352452617097602,0.10126178762742248,0.8938533325470218,0.0027192756980228662,0.6246535756948819,0.03884170516922471,0.16430214135501386,0.26629619990651443,0.9687584512164846,-0.06843304405123238,0.7659136438551968,0.09464938296297623,0.5026443679874174,0.01935508469595361,0.9126648753271331,-0.22956223248544522,0.9745154461914296,-0.243182522926874,0.9930870932057596,-0.04391480175717017,0.6107238679380096,0.30637304207235294,0.9636385206431638,0.02385111790041452,0.6486967028148942,0.22910752529743453,0.3829248212497377,0.4804316704722572,0.6043080857417644,0.33482972593356786,0.5868707399925486,0.338331812960985
0.1408034541852372,-0.004806983452428979,0.5962209144865411,-0.013961525078273779,0.0010186811736999646,0.030315481297703496,0.5655324115195316,0.007030861436632706,0.9433137744443543,-0.006472755619813855,0.7499156229777078,0.009130106556528296,0.9122326971038769,0.00251694536927442,0.9956054283043432,-0.026236599570471884,0.9994568821520878,-0.09061895539896722,0.9976245916964317,-0.09049444552691589,0.837879177528347,0.05715790039955326,0.3775354945260275,0.042835867459574094,0.9960407328440324,-0.23663176547947898,0.9869976807023533,-0.24154985158920916,0.9975088726563731,-0.05404223939918946,0.014319458936458362,1.4311256694780652,0.99246842549295,-0.022688000339390377,0.8902661778444106,0.0657363791177148,0.9961406775179426,-0.062416308881080684,0.992061147492904,-0.003484875944373132,0.9618015655346497,0.02818729267983452
0.8403980860672744,-0.013691404694161162,0.3961631229038717,-0.011910159755594776,0.2651059777039251,0.025650444757448043,0.9971553307120895,-0.030687413378297872,0.3941178063736285,0.045818188094644406,0.9605336248371755,-0.022009864982376812,0.3997204294933695,0.06771796945097869,0.8989688077786193,0.005652201800674854,0.0004452836450612452,0.3922100950975196,0.5648485237548734,0.0792718206094197,0.7164178977468401,0.11248776631986955,0.9612837293483549,-0.056259469840287894,0.7219030160151934,-0.22457034019337402,0.7947393125630269,-0.22643935398362286,0.6595141607938639,0.1872120435337062,0.9932991382405775,-0.027177593807707637,0.7686702063457564,0.17780487177092527,0.24610923522084693,0.6255945975639596,0.006443949858193521,1.8980098688848606,0.158194438931193,1.0082170680188738,0.9105447277775536,0.08122329029433786
0.9299204855304574,-0.015415733643468248,0.9848051853241174,-0.02583465767578577,0.8430372123941765,-0.0027752901828044132,0.9993436368141487,-0.029646935035137427,0.998955237003023,-0.027093924383922274,0.0006533409499643872,0.0998375358737416,0.9974625322474236,-0.026732484082838476,0.8691106586614169,0.0031903190747398255,0.3065570183366205,0.18635587142509893,0.9966954179507967,-0.09050621569904452,0.9457482801581253,-0.005505477843256117,0.9923834497752384,-0.06808951613163361,0.9993256232376769,-0.2412099089168002,0.5042065092256108,-0.21102808047630692,0.6628205570273782,0.18778522420602084,0.0022310302236524526,1.5547257551467704,0.39783817691726453,0.47685891746612213,0.6473935714140577,0.2237533338243997,0.7139071194618054,0.18874632799234412,-2.000213458197564e-06,2.589097647605417,0.5952562091040714,0.341942241712535
0.9931140303185976,-0.025994850019558424,0.9133774131780111,-0.017703977137918728,0.9468215671165269,-0.014071956685238547,0.59718915053059,0.005621534939298864,0.9990074495963333,-0.025595726613848683,0.6536858524166358,0.02413186128875093,0.0015573644748518856,0.12253259174230188,0.984612852415094,-0.023279077208153958,0.9903247603703891,-0.07801124439683553,0.9438532888991045,-0.055400817221222455,0.5817537795935322,0.16673918523901973,0.13460676109914949,0.10399318765034661,0.9866957822648963,-0.23671293777852445,0.37380047565540686,-0.20755731501001246,0.9751580526976674,-0.01899245725702884,0.9873759418929939,-0.011944358761020304,0.9615942571131054,0.017966192553511787,0.8649830990941763,0.07891561779695229,0.8448947256764179,0.10301748682150966,0.9142857897821189,0.08803198663598667,0.9289730241697847,0.0677096358620488
0.013166176484447734,-0.012605768023571272,0.7170062351812763,-0.0143301273407661,0.5761434448676624,0.007522171722456561,0.7611612325307843,-0.0036436563583592207,0.5854115169613207,0.019940707864619378,0.3798960257803464,0.05996614661940699,0.9974886002866581,-0.025317311253860855,0.6238656375488252,0.037989603211543536,0.9430103483696102,-0.04588641394888909,0.5537600080350323,0.07426477821473551,0.9253561140524857,0.007345424455894386,0.658329784222038,-0.007645415814063715,0.5066669967154716,-0.22498087859875682,0.7579407074312444,-0.2222828968427353,0.974137197264095,-0.022456618790050547,0.28512686625384875,0.6248228909386069,0.6713363760411035,0.25323755265801545,0.9738112183043987,-0.01638368474250858,0.6067422033227804,0.3023465292341983,0.9632530595189518,0.041065722330760696,0.0013516764535745907,3.8800637938556655
0.8026563994173683,-0.011172639749198916,0.9609719096719852,-0.021639440578054968,0.9098134298234225,-0.008702238033610489,0.03544624352514569,0.033381838127180465,0.3901201744526378,0.047919178511246246,0.000585251035411738,0.09987497174336389,0.5051928571670579,0.053722694369705455,0.05898254088693278,0.1434090311840088,0.4481645207120024,0.12572669460632563,0.1652151233297211,0.25870423971005935,0.801679321770821,0.08523923733396362,0.5054303281252324,0.02714178343074328,-0.00042012108234912304,-0.23462814350238254,0.9440857427786401,-0.2326181339361377,0.9879021308066982,-0.03839168398498806,-0.0002801881122629357,1.553686468589991,0.12621435572602946,0.879389570845017,0.7579710368400715,0.15988831029251444,0.8757412821941327,0.08398678394795414,0.7302951925209054,0.2340302418921837,0.9095260010722206,0.07822701399927394
0.8715473418333073,-0.015796738349326597,0.9973279880227026,-0.03025834420782137,0.6562948866230345,0.0032476170574449875,0.9863784216834477,-0.02561401824045804,0.7605602657937884,0.008542152451807238,0.48928248347222825,0.04300872022237847,0.5869470537054955,0.039740589719872495,0.2030731030123868,0.09715615888948718,0.0561535959117333,0.34987614825586105,0.8934912820853816,-0.03192359521740371,0.40256499627116593,0.2921838391230674,0.9730824946330399,-0.06398860601865101,0.25804890774842715,-0.22170081428953464,0.7572626770014095,-0.2246534725088055,0.9076505358666994,0.03282438128284869,0.8017467084076637,0.15365974350228925,0.8737156452142594,0.10025747120618142,0.2753723562740197,0.6453823786245861,0.7169667511580068,0.17568492545174838,0.9932678247957221,-0.005020074704555549,0.9923935390341446,-0.017568674341606347
0.9874273774788832,-0.0232289687469554,0.9982745868991214,-0.028738425388032746,0.9968722778166542,-0.02600016606273157,0.9987467134053627,-0.030392675354326548,0.8659973598495669,-0.0009705472054639755,0.2739843032856688,0.07843417852009084,0.9961048777162343,-0.02420415779093697,0.872731737509644,0.004629362930552668,0.9166092005025784,-0.030444654981703338,0.016450601800528264,0.3700972346391653,0.9290014748058363,0.011485929890290313,0.9751813829004548,-0.05945788528747399,0.9724578504562904,-0.23287455426913697,0.889719948827258,-0.23189744672193113,0.9742247446933798,-0.02287845736251001,0.7298608783269727,0.2062755972619077,0.9926505127468944,-0.017395373841944665,0.005131473969037237,1.5220609899452429,0.898101058857009,0.05882778909255917,0.40505956335665627,0.5360500950029579,0.7942154994534124,0.16407994758418248
0.9993650208384666,-0.029399036359044155,0.5907638147890364,-0.013274109206571585,0.9463258296672461,-0.013456840350909327,0.8949886825437199,-0.011358613712689015,0.9106048477055388,-0.0031712330157735867,0.9084758740744017,-0.011694611553328998,0.2683115074718321,0.09239734971007725,0.7677538651692531,0.015448811686278378,0.9796689345089857,-0.0695436652856641,0.44054554023575776,0.11767167148814318,0.14254714568671223,0.4946113267254932,0.9292141426695906,-0.04847191323789965,0.7993389145739745,-0.2266716218047473,0.6460288501866881,-0.22319391352964685,0.9456136990908584,0.0011974708207405582,0.6634265769377107,0.239333663947755,0.000874955212668671,1.7354117714658306,0.0012193275170608864,1.7312288227341557,0.9959509760634858,-0.06244204781563556,0.39943734359150784,0.5338476594916763,0.12387454308552293,1.0332400579014196
0.3964620839470905,-0.0074073295243582155,0.7204931013460416,-0.01602207920541706,0.001438251186631545,0.030303243748784504,0.7193193818522937,0.0011021482858831618,0.7958404426115581,0.007155687515636915,0.3940184460412395,0.06004982989083815,-0.0007203823146557653,0.12243280163725827,0.9954705912544197,-0.024804331662913577,0.9907384060135588,-0.08053958430425422,0.9980228159785594,-0.09214426655373208,0.26623296644791716,0.3783988443776588,0.9748324005916043,-0.06250388672436635,0.66770191716424,-0.22481877067271397,0.9973994413751792,-0.2483626819329802,0.8656227823369257,0.057703140918580254,0.38147633722422947,0.4574054247429565,0.9860741538013772,-0.017291364641143656,0.9733753634831045,-0.021206262516805855,0.7665625895203404,0.15164116282127785,0.39982047625685246,0.5312178700513968,0.9961629590649329,-0.021356347532342643
0.9619829166876321,-0.021743613567032062,0.7665977499041405,-0.014923949126885171,0.9973994827408211,-0.026256449288517152,0.9124719288485791,-0.014168426514033544,0.39385599177003794,0.04551583432087077,0.010092756475617581,0.10111439626143699,0.9978634553829164,-0.026809820283839512,0.9975576610173901,-0.023786562120310616,0.9967620150983136,-0.08470183615185618,0.9945817008515402,-0.08731390072825498,0.03126082116676876,0.6010831488379162,0.7634175088761253,-0.019961355524377042,0.9100338268597759,-0.22723985699391014,0.8347294921107526,-0.22614948555622527,0.008875457849671031,0.9663581478119702,0.04129205610678899,1.2073231761736172,0.9619744878889109,0.02107609042996961,0.9925125613781289,-0.044266899699899116,0.3974385964726579,0.4925473303847162,0.9627293602010842,0.037402713017938904,0.13447041665066406,1.0395646473331763
0.1277476598638747,-0.007538329111882578,0.9617652289155844,-0.020792276691164003,0.7665307580382866,-0.0017717241040602855,0.9931188490059455,-0.02899639288168062,0.9276719116592587,-0.006991331857974044,0.9874338599416888,-0.03564246097467914,0.8730425664202847,0.0026756577559483817,0.9830829081645721,-0.019626230392479446,0.30588444172332496,0.18555386853036535,0.14590224278150277,0.24917553697608322,0.6676259548327759,0.14650775517356987,0.9961574328911108,-0.0749870183739392,0.05064726022129529,-0.2257670921097561,0.9927916251204381,-0.24734145721937656,0.7259986353056214,0.17297513763734038,0.3841942207656419,0.46044305797600327,0.5214498909638698,0.3846395981015171,0.4995289851949629,0.37088063868392207,0.010491160198746075,1.8959067092976727,0.9492874825305873,0.058794280032000275,0.838267785481359,0.1291657206468692
0.008062003485519553,-0.01263976329026966,0.5135511480336024,-0.012390354071310393,0.594685680137137,0.009113323131826069,0.37191127465659046,0.02183311187771335,0.5868076888074647,0.023752597610138242,0.997337521768204,-0.03957601074566486,0.8007306138771346,0.015781032776129342,0.9976753945955685,-0.02669231916571925,0.8365245101467164,-0.004367225086576248,0.9799716299809959,-0.07651388034824572,0.9968682454572514,-0.05725908030175219,0.9931660508343281,-0.07311876775774175,0.9268836122464057,-0.22661288669991586,0.6691728574118788,-0.2204757400330212,0.8414172104465913,0.08774236697289851,0.8417026139786286,0.1198025006730779,0.9872544780484953,-0.013862790140675534,0.960322565681635,-0.010293581137478528,0.9088605413019556,0.032747718315988494,0.0031491482049998964,2.0483341851113015,0.944950832781374,0.03710764209639379
0.9463573698690314,-0.01996113431680663,0.869687377756281,-0.015602212125428692,0.758978311097269,-7.915280311231491e-05,0.9975788227134998,-0.030793024573753526,0.8904739287124264,-0.003640283899470437,0.045632435865729515,0.10294024809659429,0.9881316029365111,-0.021442077149650445,0.9164833648036044,-0.0028806894029659645,0.3018605543309453,0.1824833633445953,0.1672550283853378,0.25825175041819953,0.237572645333209,0.3840426661831844,0.27717206610297795,0.0718748418132817,0.9975252056392739,-0.23980756298214537,0.7143858029468838,-0.22368932778234762,0.8913282680055891,0.054775307793021796,0.8707867278641568,0.09101637443415124,0.8959071063334991,0.07895344041392949,0.03954290280632422,1.2774051915836928,0.994817999251145,-0.06259263952500434,0.9757304241639023,0.017114384248177336,0.9248273354688558,0.054150892784998024
0.569487404495395,-0.00866489100539755,0.00048043890194471306,-0.025811634265400955,0.841506845524154,-0.003240263258109688,0.8412359343694629,-0.007384007273366502,0.9724717860844333,-0.017986917774660945,0.9267686161803271,-0.011181871154325862,0.669345141486362,0.03462745170442148,0.8422968097472311,0.010527191304411435,0.94309911991315,-0.0483948401220887,0.8991159245424594,-0.028445861471667912,0.13429880974718877,0.4946404079256032,0.9973667977000018,-0.07307645802625595,0.9972875408856295,-0.23927091837419265,0.038058575172551845,-0.19421789987196741,0.663479813097553,0.19493240733688336,0.5953990466090046,0.2952725214997295,0.00041014448025811223,1.7353884984541794,0.010279054354497497,1.5346487296264768,0.8943969718592,0.05152799067340414,0.9884833180229146,0.01100035175039105,0.9989322405955995,-0.028858456486498762
0.9459718952571236,-0.017676176573415622,0.8461041628958519,-0.015549452367890647,0.9961312122494511,-0.027613645664357825,0.9476434734519837,-0.017193648535537683,0.9879601670292403,-0.022999390787095578,0.9927045156696791,-0.038822653002117305,0.02155213506437259,0.12548624562074617,0.9442348996700324,-0.0024867558630765484,0.44816530673151267,0.1236600158172294,0.9697194019004441,-0.0663470317817647,0.9741244989915904,-0.02480463176282,0.036318824575113595,0.14061135364577643,0.8090750525481637,-0.2260429046116617,0.011299538612945081,-0.19840628051611459,0.00537439933832129,0.9687511570671653,0.9925094419909678,-0.02207086986049553,0.27302834789141883,0.6373144691123858,0.016006229830426766,1.5186279794363582,0.9465839993387025,0.00621004137731875,0.9920384838876446,-0.00516194837711079,0.9613536947802089,0.0286563047673952
0.9872690025982976,-0.024491130256665244,0.013841957290240181,-0.022729296462363265,0.9966985161034236,-0.02254857915182504,6.821684854541044e-05,0.02581657447629261,0.13616814030593527,0.06925806727819647,0.8660698849643076,-0.0057442200232806166,0.16221158433302307,0.10979961860882179,0.388094266987408,0.07162539870174911,0.31112328129327727,0.18316039676019294,0.8382055291492768,-0.002470768167075087,0.9111397931781904,0.015090081120482081,0.9878586435611887,-0.07038681586897919,0.9747927114591938,-0.23512825749921565,0.9960089243825907,-0.24870201819426488,0.1164646487330836,0.6794096223633275,0.04370000352690706,1.2130240757689226,0.9975709462567107,-0.024932867483907974,0.49395875092322195,0.3610972205987455,0.9991213172833248,-0.06586523303094372,0.010061957582803482,2.0355541924896596,0.9974827563747369,-0.02574342624924825
0.013156245917807396,-0.011555968556681454,0.9878911294560039,-0.026635840754735584,0.842757228970075,-0.0024550852788478334,0.7058971194657218,0.0010793331305395419,0.007913844154476712,0.07351235874238247,0.7961544829715883,0.004280729325853989,0.40716867967192416,0.06700283200623644,0.7651367605630142,0.025643882068255904,0.9805474185567276,-0.07301387521647515,0.8048232306841215,0.004079882042903082,0.9975143503823092,-0.05537965165830182,0.6588672113079319,-0.0013403469215548937,0.9956082556786531,-0.23953373336198858,0.012751917304727578,-0.19619516548478172,0.5087671682645101,0.3053312662235008,0.9749254740806105,-0.00011121781029449688,0.8710697171216178,0.09368471865444779,0.009328441206735483,1.5370492059360035,0.9870797024083373,-0.04746080818071484,0.6060784444038697,0.33689794972754705,0.5091874315191335,0.4286156364467684
0.8948965963196638,-0.013570307524624643,0.2628627798550094,-0.012098292574042529,0.9258047501289466,-0.009239955218776661,0.9925460352818265,-0.029888605466422916,0.9075665300768767,-0.00494422763819726,0.9602345493499777,-0.023468787675437527,-0.00018362406019867272,0.12240778379841456,0.984603003967224,-0.018253397088880314,0.5650413031276886,0.08600886504539866,0.9980193767461276,-0.09221554238615408,0.5025595480094451,0.22555653384566002,0.0006519486385648809,0.15145089077257423,0.6643055523996424,-0.22418960893387535,0.9259108817248533,-0.23351375843708305,0.2740647195378828,0.5094966038661474,0.15092823228543206,0.8481167853349623,0.9973982225299589,-0.0270767243736923,0.942812265551446,0.013091072982224422,0.9451019464338354,0.003487750755026396,0.03478364244416532,1.5363458815292563,0.5914775696324321,0.34197996817770276
0.38962496348030784,-0.006533949347221582,0.9143875271673001,-0.0174017831966341,-7.546378894485173e-05,0.030046239228860468,0.9878482897759151,-0.02663733028095688,0.9961401463256934,-0.027566051234854977,0.8694945090034492,-0.006334385590799545,0.7959321855967382,0.013041156837807653,0.20725681362812232,0.10690367778328397,0.9939517077742326,-0.08004348563724714,0.5497589108464656,0.07497900875879697,0.7102237712178348,0.1083232140922003,0.9875246328445698,-0.06961690580547863,0.5148516947170153,-0.2237724831474958,0.9973958301798259,-0.24826684565601823,0.2647254159708927,0.5147227980064667,0.7219643704642369,0.1982756961249803,0.9993005385084529,-0.03192342285165573,0.7548573811740277,0.1569921648177782,0.396083349240391,0.4897368817012957,0.7776400415758771,0.20227240661407273,0.9609410558726819,0.02547950750218388
0.9960529993057395,-0.02548522217925991,-8.571886475272628e-05,-0.025634614123584663,0.9960789325865712,-0.025560778696427904,0.7690182196706614,-0.004297164854798287,0.9087273782273055,-0.005992925279295205,0.7979607769279591,0.005549411598200827,0.9962611279522108,-0.026486884661810758,0.9663603249394576,-0.01178782933306682,0.8074008244358719,-0.0008154977522701333,0.9153346578296285,-0.040120715281022165,0.9992716050449211,-0.05649932449343019,0.010810058302607284,0.14721415241360747,0.800962651358704,-0.2270068995797776,0.6586147441747578,-0.21739696914172865,0.0010099409787279745,0.9938098052234412,0.01370826421659821,1.4282729922510182,0.7251259939171311,0.19970217525595532,0.0012389062370913306,1.7244253831272502,0.9619144178106743,-0.0050508861157156715,0.9751685641349758,0.01946059824456756,0.013403831062554272,2.289015329586619
0.011310702385391114,-0.011655953109264249,0.839537412108937,-0.015135088399631097,0.9611590738130649,-0.01719754784510836,0.9870558420126662,-0.027088058083868126,0.9930789572004338,-0.027030845190044304,0.8905782625035938,-0.007690195921379362,0.8058281827592829,0.016401058776598143,0.9962164810285566,-0.027130734418097366,0.7581381234051701,0.016795583476354303,0.8047669337895659,0.0024759962740602947,0.6525915744225229,0.12973898535101563,0.9627527824766883,-0.05703498745208375,0.9880195700871133,-0.2368137299488091,0.9090855622554208,-0.2327711786354113,0.9606447871495739,-0.0013703390729215244,0.5978139716327247,0.28601825402935604,0.012294978082766916,1.5631399723719488,0.9721638292692503,-0.023989864699095847,0.04094065038227068,1.449493009007524,0.6706052899763952,0.2755863069792409,0.8940989084619889,0.09712728815496727
0.803310629540188,-0.009853305811092346,0.12606647273604654,-0.01194482480276874,0.3945433117691427,0.016786427923345306,0.9955098377649759,-0.030477690121022857,0.9066236245845044,-0.0056858573757673884,0.8393457781066072,-0.00025802406907199236,0.9993836155683742,-0.028017204407055896,0.9441112984066466,-0.0067254008535911885,0.9172814021426924,-0.03504314829448706,0.058528871099778446,0.33829930316678647,0.7606632358146365,0.0825674197904605,0.801189725467333,-0.023132033387008845,6.598733559692871e-05,-0.2347260804041107,0.992559298267248,-0.2473884096596971,0.49956411464521044,0.2969264832577368,0.9481701122418968,0.04174725877599188,0.9749446934910323,0.0029181438746379022,0.9093431166069537,0.05260980549590948,0.8745325221273204,0.07476406278347116,0.14198960696854335,1.0057581021060737,0.9930582774986608,-0.017453829446537138
0.8912240002672325,-0.016547097015310645,0.9077268245248903,-0.016608606069124524,0.9443551425000886,-0.012233363619205356,0.0007070999936318323,0.02686306651120029,0.8370382760945982,0.0016008149250394288,0.036620719777781696,0.1031864417870127,0.39814614808472093,0.07416981288606993,0.21144807450452718,0.0931194406034333,0.0022783534843831,0.37939968323705764,0.9945044278799277,-0.08710889587359298,0.03411881386533511,0.6001235147526289,0.5763171410766856,0.002047971567896514,0.9961080460026895,-0.23904659629385328,0.9607655714374479,-0.24018564210476878,0.9743619189745548,-0.014605768011834186,0.00012705214908248497,1.5535173308471408,0.14335717105272217,0.8790408019290457,0.960228499834527,-0.0020345827418320633,0.9458669313568534,0.009416110285863262,0.1514467812468725,1.0113093884184428,0.9285251193547965,0.0649352022905537
0.9928771068663206,-0.025362756276651605,0.7008500115878544,-0.01006580265624311,0.9975517131981809,-0.029522620548736465,0.9738609465166302,-0.022324050666249762,0.9972154057279345,-0.02656579891575539,0.6556276211245522,0.020534572135931826,0.6712573635830577,0.032766670598193805,0.9339804460006919,-0.00546409006086535,0.9311808813704786,-0.039191405468563166,0.7225867709753102,0.038095843594403316,0.0005265501139306572,0.6446320329821462,0.9462771049812024,-0.054157717564680054,0.04761293263160826,-0.22644854480767362,0.9745554203467235,-0.24194204546196602,0.992759763616516,-0.0452354637668577,0.911851569978019,0.06965918211900175,0.5130167928750348,0.38120035165666,0.259511302998901,0.6327402285586783,0.5034195227067026,0.3596754826970431,0.6753311981399861,0.2846430265497319,0.047459503884749066,1.6420139140755776
0.03529173800500662,-0.008042285810601396,0.051632337511264725,-0.016550739345592532,0.8395020001991474,-0.001470631405759973,0.0004052645759275997,0.02586659400504806,0.133982846824944,0.06682299376570154,0.7607279795838348,0.007646122662428505,0.5938685345676307,0.03765829348913403,0.9563396905430125,-0.010529514862771296,0.03632469712938402,0.34996035578441215,0.9937600309702066,-0.0890677574886292,0.8769698390243859,0.04531965250745889,0.6631056717959042,-0.002265351777940098,0.8402924000568028,-0.22728141360068985,0.7935302858619246,-0.2246573770564647,0.8906873544113142,0.04796746061449443,0.41089158437460427,0.4717486058859993,0.14276441358552694,0.8811825572939873,0.926436504311653,0.032854234024622384,0.7256587404747115,0.19212428126561246,0.9624690958902498,0.04394536340521162,0.014042169280781946,2.2872075804531558
0.7660367827823489,-0.01188233750066755,0.9745975475268752,-0.02177511934213544,0.9992322624722737,-0.027480202594837834,0.9624431322140972,-0.021000706616013977,0.9744797307628312,-0.01756901442325356,0.9972285548191668,-0.0425048127593241,0.9126307471006931,-0.001937892410944051,0.956282210567804,-0.010575797721441963,0.6391790741654897,0.05125290228531486,0.00128949440921855,0.3784089229597214,0.0006572122796931756,0.6447500409832678,0.5969166908492837,0.010161121718455273,0.7623155332654517,-0.22624149387408019,0.000964104117594955,-0.19953330270531724,0.8451687207660908,0.09335783344046227,0.5898230619874067,0.2858421634552995,0.8018796492771333,0.14605791645742977,0.03365928801718432,1.2750811908004431,0.9615368636384949,-0.011148984675237155,0.9992947832521198,-0.014528650821672448,0.9615280948284505,0.0263941769618554
0.009161476661974421,-0.011395638934702154,0.0011694219678756168,-0.025373487006579515,0.9750682504568551,-0.019060595033065352,0.7674003503255545,-0.003974048096331897,0.01277430611411745,0.07270302189127101,0.39218322820940743,0.05744575582916605,0.2862112838774844,0.09043965700142034,0.7626827380009878,0.02165472402141396,0.805617587663421,0.0007461138461670893,0.7718636881339545,0.01213440190625455,0.9872927239219902,-0.045894952053694475,0.3993933497418989,0.04418672468594519,0.9270484790770123,-0.22961881740517107,0.9109260129144827,-0.23176117786060696,0.9992855354800312,-0.055759049965665816,0.1392792342288861,0.8423271881508962,0.2590042108133277,0.6343629315804301,0.039477807860935465,1.271687625294862,0.841916923288105,0.10127016931446049,0.9619920322144586,0.039573385238446,0.8676751956439621,0.10931201705049504
0.9262910983565753,-0.018337060142869364,0.9931878495108661,-0.025196361963308326,0.945365292051544,-0.012368915825751434,0.893217287487278,-0.013599691069338359,0.9873502756043333,-0.022602066488222557,0.4922927642801007,0.042719080517469254,0.512477320681334,0.05672509631646795,0.956263784863775,-0.009985345443074518,0.8964112871292764,-0.03203212662763969,0.995104829472857,-0.09221173544659485,0.038132700388009866,0.5989424572141582,0.7720780267873936,-0.017010117538078875,0.9738354931601552,-0.23346879126857478,0.37088266890483046,-0.20862666620009804,0.9119372239976891,0.04132327959693569,0.40892690505355034,0.47247423576637887,0.8477053447825993,0.12085010660364447,0.995805199721858,-0.052827137657260013,0.15045131621327734,0.948336935930147,0.005851180917614496,2.0414432401631166,0.7675656597321769,0.20840263718955493
0.008210879337320898,-0.013246315643807297,0.9742675921145165,-0.023043578323462086,0.974612968906466,-0.019221310854402637,0.7248488304006957,-0.0018299167144798202,0.9612902403106495,-0.01675016298264002,0.2594901233384945,0.07544475084400806,0.27197337708010494,0.09034465352642831,0.9184136971991008,-0.00317258109284671,0.9334483051779545,-0.032775251739265474,0.1738689568231837,0.2612170751871555,0.8415933511014144,0.06222134530942697,0.5884706308967509,0.011010380947930144,0.7132234290789863,-0.2240436925456895,0.9973906655651673,-0.24853599341695395,0.24824884357576005,0.511776703829412,0.9613392044108274,0.017227041466728873,0.9961180100240903,-0.0212071846941512,0.0005764485082365711,1.729462028550008,0.011938123734969719,1.892755645064884,0.9633098490805456,0.04109422145177006,0.5139737207025629,0.4292387133961095
0.7230153678428233,-0.012859475119206864,0.5989548123056669,-0.012704430239341036,0.999260037135283,-0.026984403265674677,0.8030017796940812,-0.005462470612725681,0.7210076913671015,0.015444116264605297,0.9447284247116047,-0.01983642166631653,0.6691143727196295,0.034831160638944716,0.984467123059637,-0.01750016213451387,0.6456474339352192,0.05703314068519514,0.9801673884616723,-0.07726405765404863,0.999389087469289,-0.05786903085976613,0.7200310898279544,-0.005599690168270597,0.3931543486694734,-0.22472106293068478,0.9088602711836415,-0.23174978663575962,0.8387709941950022,0.08725673294799992,0.29174867897744483,0.6312492529886436,0.38665825328866066,0.47078702767827707,0.7580928203415687,0.15554688105675654,0.9270816578223086,0.025557831436875574,0.8986826750544523,0.10818761717868658,0.9870149308571953,-0.007440548702731957
0.8938793302054577,-0.012618735902146965,0.7632685135253607,-0.011808575990324637,0.019158252773068263,0.0378568783586841,0.2715364690880192,0.023798280209170665,0.9735571324013218,-0.01676746644265744,0.4999028372791293,0.0420036057311098,0.9746613100852792,-0.014946480411123678,0.9756135521975268,-0.016258212300626112,-0.00042848353327396005,0.3923329916142624,0.060797090946023924,0.3421296633987156,0.8721484460369296,0.04437327546673643,0.9925372202500535,-0.06927559786509409,0.7180725084650703,-0.22432664811352596,0.7580337042764643,-0.2202338835839605,0.9922543292953803,-0.048409713093623304,0.03296234143033572,1.2101674932248907,0.8759011497778935,0.1057276558246546,0.039069060199721894,1.278861199800024,0.97507233249889,-0.0283302746102279,0.01077178205237328,2.0254072200676694,0.5925202731937833,0.34140662354855517
0.9749149340208735,-0.02208733086709259,0.3907254840522425,-0.012693095414786961,0.5822717913411233,0.007038558588660303,0.25142342827997455,0.02469748741219024,0.960022197763647,-0.016131058339018962,0.5139649626723442,0.0402461603364146,0.14057207492930845,0.10676335840165836,0.99272564980737,-0.025092648625337017,0.8088259065558893,0.00685813391488434,0.9801025959420964,-0.07382494919067512,0.9927768980256565,-0.052476314312383456,0.9451762860691085,-0.05067312034410584,0.9732668462714975,-0.23417450870381573,0.7529104438926941,-0.2256308211671516,0.7668114339243329,0.13328145750483078,0.12016152994266782,0.8434431288847319,0.674123846933314,0.24710524233566172,0.9974117317411316,-0.053001972044180605,0.5075766516945631,0.37344317557775925,0.6881757740083592,0.2918418049700106,0.9877611284575447,-0.004189901750110346
0.00035621943381414223,-0.015431143780655096,0.394473646661062,-0.012261948229004678,0.591405567014536,0.007965087998871906,0.9929706830243487,-0.02787600529979895,0.3996969166483848,0.04293953657195993,0.4735751677057066,0.04156830933799113,0.9975502548961347,-0.02572159070953761,0.9971379545221997,-0.02499734490462757,0.7232268061448278,0.04105965607070546,0.7624157734547367,0.014750862867175255,0.9449133494307944,-0.004907153776845482,0.039558256573507755,0.1307577354078798,0.5992734464143126,-0.22376136529590215,0.009830070097760601,-0.19766353865126074,0.13019111390654792,0.6838660312866236,0.8929328732102717,0.0778090363474691,0.8731750984864809,0.09669804023394289,0.9950921303938159,-0.05293775211600909,0.7646184336551115,0.1542877038651281,0.5181848127500986,0.42177603827688814,0.04274249002099639,1.635271705200524
0.5821923456593444,-0.008593265346486287,0.9993479541949132,-0.03008607352297926,0.006352904133631432,0.032504916313953885,0.5915862474478488,0.006023472070382427,0.7913218289571673,0.005752327320826636,0.2717217834835789,0.07757268706288613,0.3930843582545105,0.06514535038530848,0.7065921589675795,0.02918250757093921,0.9995033395880828,-0.09062938974625759,0.99799956922229,-0.08968069487629247,0.8715371173881112,0.033877714349990574,0.9745224294490368,-0.06318258094867327,0.9065687429587692,-0.22647368379686827,0.011800403851542685,-0.19538762708845836,0.39968328464289093,0.3863050304243861,0.00989899649835635,1.425599438799274,0.8434176684679943,0.11977014957807161,0.03436030443094584,1.2730226371180433,0.39137980236583025,0.48014181568278375,0.42157594361278916,0.5441608585698138,0.2590320491339767,0.7288951479501511
0.0006991176273833943,-0.015219592225732397,0.9624822046721023,-0.02116852690834814,0.39930723997880646,0.016514353552113902,0.9960928936994891,-0.029429600870067192,-0.0005585336325559798,0.07030895645512998,0.0006332602567518109,0.09985442292140079,0.9989049640220216,-0.027890339842390963,0.6289588724706934,0.04133523339464427,-2.3341512301877643e-05,0.39213034485836834,0.7113246480192221,0.02477311686705529,0.9745102902933223,-0.03041144060961536,0.7951626187899132,-0.024879681367679263,0.9298096039647211,-0.22698902861115275,0.9432055746963777,-0.23782128727054844,0.8378987424930572,0.08342224307930322,0.0005045493422525249,1.5533191779467064,0.00016663196093358312,1.7352645705789012,0.9972023051612644,-0.05682395506637408,0.9924784522086231,-0.0574182620265263,0.8504166132406925,0.14983897579356703,0.9611685270439891,0.025795525350897887
0.9931642414069058,-0.027404303592074075,0.9284719718429785,-0.018279677589956685,0.9476437053575238,-0.012822157456989721,0.006964657058962542,0.02910967576293045,0.7602755469466566,0.0074892764812962784,0.9867462943622133,-0.03216147367063145,0.992997159695211,-0.023225462046199397,0.9924800136202209,-0.023676497729761204,0.9143486236048096,-0.035137892252947105,0.05641823312624894,0.33760591578182597,0.3730505107487351,0.2794783772940959,0.9742351089535404,-0.06502489591353909,0.8020436962948376,-0.22633107830967705,0.925481937870698,-0.23397166671766464,0.9869681495488362,-0.040493805917366926,0.9124697048034471,0.07084634526206829,0.9968348660218737,-0.026802703017239013,0.9077296915015207,0.03846217132308809,0.8696861774167826,0.0684260880552709,0.2692590179679256,0.7183163587297406,0.14766909527434702,1.0351748625619508
0.9989680288381642,-0.028161953622714293,0.005296951011742657,-0.02210949541284331,0.7182176019324451,0.0035062665084274656,0.9251790428489496,-0.012981891866525442,0.6615734834945557,0.020617785443561607,0.8915939234149289,-0.00742491530053519,0.8399217672626258,0.0068090509159661845,0.23047272729661183,0.09718007275206637,0.5681090837742419,0.08939560848756142,0.0009760360221254816,0.37817351257474235,0.144815221910937,0.49494706588083476,0.5121718074405912,0.026565263926599306,0.7138544566799634,-0.2260708599900039,0.3923864860090326,-0.20765020987021077,0.974331297575709,-0.026169385909062873,0.04231948110968908,1.2055103487660568,0.9303620157375568,0.0562613602046308,0.9603878321514704,-0.008936730692822,0.6026964960098706,0.2885950297223886,0.9757343598709776,0.019581734429352276,0.3679508421544957,0.5359611339163096
0.13984971449474315,-0.005081339392790051,0.9969533336632665,-0.026844770616622157,0.7638244644400611,-0.0007764249549729687,0.997514687517037,-0.030826856499129338,0.9096824960974765,-0.00640618008945781,0.9591103825288054,-0.023911132290814388,0.9303944326863702,-0.0033852902862996086,0.011882749621948019,0.17576695826144859,0.803534749021318,0.005311291094288599,0.9690551136043372,-0.06935613857960668,0.8952996026473519,0.03261367953519994,0.13475572348442155,0.10211195773075349,0.661869339747337,-0.22585596026604499,0.9470629171895582,-0.23601114590089095,0.9973009725406453,-0.05268301868665612,0.727214515888539,0.20318934827499882,0.40317644483695003,0.48452354791444713,0.9878992030438389,-0.03445452244234739,0.9617753951100314,-0.006919317350203487,0.8047872492012417,0.17571233989289545,0.8935925926828413,0.09184154447962616
0.9930783398987967,-0.025774607965503397,0.8784686287524307,-0.016102568218169855,0.5879419701772204,0.006491898846338225,0.8003955683367966,-0.0028410279552230147,0.997076818968786,-0.02737262038183973,0.8924259705120495,-0.007298946851866944,0.0003645219102682562,0.12243476526907413,0.8715192149353506,0.009658527863355366,0.944327377940785,-0.04807577549181703,0.9694018802607782,-0.06597998594970482,0.9608482159380608,-0.018356932054950502,0.8401605396410641,-0.03104122835940686,0.9609430239780773,-0.23081805764299448,0.9927546162001922,-0.24860109788067583,0.590912309885067,0.2450467609557073,0.9616403848640837,0.015354133560857809,0.16475112260015312,0.8915556168045068,0.9955014131578933,-0.05295298501714214,0.490590605285133,0.3645822926868005,0.9499363664691404,0.06769209486115774,0.5226506389622909,0.449830368003373
0.7596655531655512,-0.008715008003450955,0.5995591064061447,-0.014653608499340092,0.49939121491564287,0.010789986745438653,0.0005969813272385105,0.02562552303087823,0.6674372503629511,0.017034378560166864,0.7901508863863129,0.004036361494237573,0.97498364968839,-0.0174042620201492,0.9974168894687488,-0.026319188510502124,0.9978856701010931,-0.0875616814084428,0.9439665853093635,-0.047114107132750084,0.9744196285307553,-0.02783640454108515,0.5840872647298824,0.010699943644808248,0.8404065633328971,-0.22647608127910143,0.9957729689395481,-0.2488465966238072,0.9975755693039339,-0.05285004383092737,0.7686571209873376,0.17456638886734516,0.995713340211619,-0.024607866472128804,0.043215182391533324,1.289579377187678,0.0006680148659423679,2.4321887085930065,0.01018370371237498,2.032258905496525,0.9467098881796204,0.04126341343846714
0.1483932906014418,-0.003851437148582402,0.38622022679545087,-0.011639187710469998,0.9619957433940529,-0.01681717616783518,0.9114770719818984,-0.011915135383766592,0.8925878697305718,-0.005121317009900423,0.036334446839937584,0.10407386108839894,0.03225013794948306,0.12070580835480058,0.9171109484015959,-0.0029581557356653486,0.968460198625966,-0.06483678418904151,0.3389555159303371,0.1852212760519751,0.0010269535340994285,0.644781953611952,0.03832757011350674,0.13347265206115808,0.897190548736595,-0.22739875227597112,0.03575224880704986,-0.196922072140296,0.00930506003347098,0.9658868912966958,0.997604792673992,-0.029433648687319885,0.9310773651731176,0.05949843199531072,0.49207549165784803,0.35330949570495734,0.9111990008334165,0.036114330260392805,0.6812378735285197,0.2933710044280845,0.91049990508951,0.07819986872891813
0.8007070422584679,-0.013320751930859685,0.2599736770794824,-0.013985487614097599,0.275482419929871,0.024807845705701253,0.9290332984196423,-0.014583495384564316,0.008763429251365418,0.07170222752560226,0.9451919201734577,-0.020481897355753117,0.15042227777060158,0.10650842097534964,0.9436432764333516,-0.009010409801902628,0.9149471110425759,-0.03453501558487241,0.9969620995518798,-0.09069693526876564,0.8053862885138485,0.0823515989412618,0.9623968952048366,-0.05926716615544728,0.9137415639185301,-0.2291856332598674,0.6613852568690068,-0.2249239281651157,0.9300786900768838,0.032560372659852184,0.8929284668589522,0.07596881112498842,0.14011011120676142,0.8741851040217031,0.9083587226120075,0.04974905045197172,0.5081937970906458,0.37173589555023956,0.10228268335816326,0.9792848179597091,0.9587238418104614,0.028639349561697017
0.8431259360762714,-0.012694261827091213,0.5110950775957372,-0.012228266055432329,0.9619356326597888,-0.01853624235033596,0.3802060824781388,0.018571536017756584,0.8958208126769958,-0.002154064437464745,0.9447451987936661,-0.01715432179203224,0.8734735771471209,0.010824182127212718,0.9560443410771413,-0.005955519441204878,0.9963651506701665,-0.08663107257891947,0.9973117541179171,-0.09170992513346352,0.987857052203498,-0.038087966525071904,0.9875464304087577,-0.07074957102535154,0.7692710295506436,-0.22426868180652945,0.942835202569824,-0.23785081255300797,0.9464519079270551,0.006740517501675286,0.99314621349119,-0.02617733911253562,0.8085242832352192,0.1575894520441943,0.5832430040525867,0.29419282607531966,0.9991222796734375,-0.06755077849141239,0.9961237273078855,-0.013451357942637618,0.8911604973833555,0.09084430270265019
0.7226347104604358,-0.013864875654363966,0.0004542065301598175,-0.025933090594930486,0.9612973054470448,-0.015594906335679387,0.8692080209275462,-0.010011366179632001,0.960384329220087,-0.014790557185427437,0.9429642358715278,-0.020034143792526247,0.998941578164355,-0.030658649754746137,0.6964340985592274,0.031249569112464827,0.9153844177963983,-0.036086830615401806,0.03884978370274095,0.33692754966690913,0.9992251051162117,-0.05818954711214567,0.8947820579399695,-0.03789275498581487,0.4093156076111274,-0.22341993849405375,0.8360175734262844,-0.23134473278811227,0.9289781736450887,0.026414548759307547,0.9281777044754406,0.05597982400052105,0.9147397117811594,0.07362904438373745,0.9606836159667056,-0.0009009728209212389,0.9857207726527077,-0.045145732185322626,0.00023614877010225133,2.5879538567568763,0.6670803068673723,0.2860528821381679
0.3766869194735475,-0.007269392798779393,7.0908066269748105e-06,-0.025998709783313624,0.7633008515549767,0.0008697429848560138,0.5187984900838027,0.010930238469194402,0.7610718718143231,0.009198195107078621,0.9906072102280069,-0.036238992801238566,0.2657051297452533,0.09094399127457525,0.761779534888305,0.01687765369082202,0.943970884661867,-0.048338050950744844,0.9944476023484914,-0.08808431837220863,0.2723203178332064,0.38557484142466114,0.7577588437762353,-0.01573048016935146,0.7131427785488552,-0.22558116940217882,0.15233820329973202,-0.19996780163289654,0.9278620707491636,0.030414425970112992,0.8687241839400154,0.0964851339368539,0.9975367251242419,-0.02815357960259428,0.9959875010883775,-0.05640079833249915,0.5725851506736159,0.27446987257267064,0.9881923685783633,0.0006403343541337429,0.2624389329267567,0.7322426357793305
0.9970066698903497,-0.026784636346731113,0.9961543813083925,-0.030622207440373955,0.6599719217211528,0.004711468304440375,0.9484727207205966,-0.01691572176610181,0.658762770189247,0.017431886636266047,0.7954805483802231,0.003992234729020862,0.3983707476913828,0.07097043533743501,0.9834747376023835,-0.020327247950909313,0.4524585684617144,0.12947713181339326,0.9794193127585665,-0.07287189252585562,0.7617521891055883,0.08596523320271732,0.5895618260841593,0.007630643770689463,0.7546608439640449,-0.22536921140380983,0.15470136872766804,-0.1982000451004985,0.13941237835932752,0.6856764261433164,0.9296141415604746,0.04972711947221391,0.2649656971661548,0.6254613938641572,0.5087125269602474,0.37098701316163896,0.9119873965806221,0.03114817832964034,0.7231645102808867,0.22808089931705608,0.9441432306486663,0.03955652483013657
0.6004763485505713,-0.009463709761514274,0.8932145928662616,-0.015742817614869852,0.9993757586605995,-0.02793784560177347,0.9471032601180609,-0.02023347686387511,0.573080099813725,0.02127500542656549,0.006791642530142528,0.10099062365289134,0.9961573037371669,-0.026613655092128652,0.2071008613465567,0.09916997789429369,0.7287810916625794,0.043377345759433104,0.8035760332084796,-0.00018651313229442728,0.997549513619623,-0.05720158751673445,0.41125755501105365,0.04505487018478099,0.7120184792618329,-0.22493199046142667,0.9603734640049915,-0.23736227743421087,0.9280990894795026,0.028110738618803918,0.799429653863676,0.1493232292079213,0.9949444002369932,-0.02710435062834649,0.9458614678987655,0.016058349453997096,0.13404194070118203,0.9366547189595635,0.987423969428255,0.0031621908585163765,0.033957816476488545,1.6249022438371472
0.9972965307924547,-0.026727251902677673,0.9876532314938067,-0.026997499888483843,0.25995864945366964,0.02548645241366431,0.9982999430454963,-0.030557721330762264,0.014523504761510542,0.07263744202689475,0.13041447791383898,0.09501664102304386,0.962109091713762,-0.009670304663413235,0.9846620537468124,-0.01795915438746667,0.000473251004592834,0.39230115318880354,0.6448315564746234,0.05122041423426808,0.9746597185083071,-0.029122616754039817,0.9462373993657748,-0.05257154882914845,0.9971245553288328,-0.2385953674341093,0.7143125706860447,-0.22283609701882445,0.9277875299707775,0.025841052395352147,0.9922776576785496,-0.019009556758166964,0.9877678466652277,-0.011781406366525887,0.8664524371721207,0.09113192718058626,0.9490200739049272,0.01729649505951608,0.9000443432809566,0.11385394617563488,0.3870675651629899,0.5408900810331011
0.9735591598142271,-0.018693643020052407,0.9615230630693925,-0.020177195794514626,0.9993915948231004,-0.027409518792119322,0.9993231615788425,-0.0345749708720814,0.8934547529417881,-0.002984664210240992,0.925157827993458,-0.016484685158549187,0.9971316542820875,-0.026587539485717647,0.6969038355427679,0.02702468647640385,0.9900546032482952,-0.07618346877189673,0.917356797136315,-0.029482652190530218,0.006831687180151258,0.6343870286730863,0.5022132404193678,0.02302567168472559,0.5024113922224533,-0.2245040950305373,0.6422139543057548,-0.22030923434221483,0.04256347154336049,0.8990756447879416,0.9617111874669438,0.01478665647529261,0.9956964078645167,-0.025110194567021363,0.1473495348213648,0.8891608232990541,0.14142888012123855,0.9468119288518828,0.15190156604850547,1.0048426400929575,0.9282520998156323,0.06153407089832321
0.9445142980713692,-0.019233805861487388,0.9276261429886249,-0.01702991180072895,0.961754301505742,-0.013447394863128997,0.8731121917524336,-0.011634993968736625,0.7978910351073493,0.005292779298767568,0.9865443134201376,-0.03317267852695388,0.5776993489852822,0.037919623273538684,0.9168079174763308,-0.00029611674457128865,0.8957390027443554,-0.024534465757231616,0.9299827656146118,-0.041064191179871604,0.04517745383546534,0.6031484875402902,0.9981032700775271,-0.07425702460892984,0.8691375454975139,-0.22606958033048402,0.5796354325020285,-0.21384664810478296,0.48572275184842284,0.2879007713861781,0.9762216261995104,-0.0025178923797757337,0.8963146786570055,0.07413826684858042,0.37614082987501885,0.4613333237785238,0.895229659923598,0.05564810088735323,0.0008495053718415857,2.5892015322042776,0.007456467340835604,2.2930733765824365
0.38273360665718836,-0.0035411722564590575,0.395821849801517,-0.010890524874411915,0.9285879835816574,-0.009461744538599434,0.9462881802353641,-0.01955814140316496,0.7661885364765714,0.01035591741667986,0.5888814744924131,0.031012643751169525,0.6748636198619593,0.03699487457563338,0.9923148273486849,-0.023185960037144706,0.9992646189428146,-0.08978889946000841,0.996796925100015,-0.09053371495221298,0.9603832138192898,-0.0157841267665964,0.5858784364385425,0.009952969359507999,0.12671526054382665,-0.22470690119576545,0.8362024290650781,-0.22836949248224012,0.987980366394317,-0.03437719310983145,0.8759660927282017,0.10158469759867322,0.9993534787415327,-0.033133483107396285,0.9731909669132174,-0.02671454283986852,0.03908609061971724,1.431986065823775,0.9478908392233765,0.052764649306009014,0.9974078183372521,-0.024247062910544286
0.01545847684478574,-0.012762359361449585,0.9749910770034471,-0.02435405217005904,0.9744784075041287,-0.01875849600371078,0.8405229965015174,-0.006430076570015788,0.7962765144980557,0.008519221697765934,0.7181235196556535,0.02026213160208593,0.7270190467556314,0.028458633018710388,0.8468765135819566,0.007122556095360564,0.9995053846833514,-0.08557293428735849,0.8066917758451956,-0.002628910072628376,0.0074557756948542275,0.6356481642761678,0.962180430528185,-0.05716742092914436,0.9975361827263232,-0.2399347147605432,0.7600528571098089,-0.22475936038108477,0.8014506619980732,0.11680432075063038,0.8444457285778781,0.13034179725725473,0.7187425871482563,0.20933250563790035,0.8314297408840081,0.10262122075703153,0.9615304605145177,-0.009839013837748095,0.8508028248778274,0.15096350847956877,0.028292171992855497,1.6276579069718737
0.833802764634113,-0.01153173214057232,0.23963915028335248,-0.011247037142219038,0.7935229222735248,-0.0010939418294731809,0.8702804434358447,-0.008324175881451226,0.911474987571357,-0.005530246895790607,0.8913287430301328,-0.008238827689592705,0.9631709122281433,-0.008413469557365745,0.9343263412206799,-0.0024882320975055765,0.7732251561402467,0.026179422669545933,0.9289073753527426,-0.044033541518455586,0.7960640655152986,0.0733596592830492,0.496253369921994,0.022135930865732976,-0.00032304703854846295,-0.2343314398749905,0.7600100531289138,-0.22189179063413456,0.9961937929171847,-0.0524451663855721,0.6579273102477201,0.22767471888889212,0.01014625276051695,1.5621439473693493,0.9083976036560493,0.04058969110327348,0.8938708340632158,0.05307773660297977,0.3961380463352264,0.5324821405421288,0.9879573599041076,-0.004372186374283805
0.8927928936366892,-0.016191433517791686,0.9464641238966172,-0.017186948125342365,0.00012919671907940522,0.030466446008071937,0.0019315693357830899,0.026021041867137374,0.002021476117964549,0.07051870164404102,0.995859453555833,-0.03697414448524876,0.1780856173812163,0.109510905021333,0.9658725065958198,-0.0107057542379,0.9903705961363353,-0.08046765134671954,0.4488858765398501,0.11388494485332527,0.8706167064593766,0.04702547697210736,0.9951508491378137,-0.07684577475181914,0.011270719112807859,-0.23138447310277835,0.9443270528046901,-0.23444117626877983,0.4947855369005404,0.2947860750667781,0.8737374058337419,0.09590550059968378,0.9139100550960881,0.06767284374414216,0.7141130751080915,0.1945845336546935,0.0005046996955885286,2.4254302024902,0.9484530510861258,0.06162589938173422,0.4804410351682197,0.4082849955777858
0.9971051358467221,-0.02909595233171883,0.9744545879311379,-0.023272596483196878,0.6618867928852278,0.0021381861924702167,0.9931415714295171,-0.027449063809021026,0.9970669609512479,-0.027138578251751103,0.0009917865688360283,0.0998809965403331,0.6654033322339337,0.029844942456693013,0.9190693669162069,0.0013689250358485943,0.33413558524281095,0.19466207841952746,0.9578683311666697,-0.049617905896130764,0.9875919092216741,-0.046458714851978625,0.9975647456025053,-0.07666008682947477,0.5810866777734285,-0.22553108727398577,0.9594190669467514,-0.2384389931919029,0.7994525908692552,0.11533004347229413,0.974823290811814,0.0025147021722309983,0.9749094803918311,0.003705493092069304,0.9605317253848193,-0.003142946179381509,0.9466925446801449,0.007874577985613506,0.988606582556747,0.0033512044161646153,0.9981788113907037,-0.026663658931299145
0.14340321218315233,-0.005810267008598183,0.9921251618107019,-0.029899078906055886,0.6623992978810365,0.0063240323995276005,0.9875429772655792,-0.028219980846303665,0.9094155813912372,-0.006850204269213424,0.9929435156111186,-0.03845564890830391,0.008763138989425823,0.12330585841971446,0.9760314082762073,-0.012753041471380277,0.9943378565694316,-0.08638467530830184,0.8369212322814328,-0.006689576313343392,0.010792468439993486,0.6351050153190757,0.1351269023284417,0.10050604531946214,0.7233964138869768,-0.226063499003611,0.0006100337308055925,-0.19933903207487894,0.00028685232525560433,0.9939079949924838,0.9477272105003038,0.03374851928841982,0.9961727871503199,-0.02652790994925785,0.9928257118177429,-0.0445139878079957,0.6621876728282635,0.23461147650202596,0.7693073208745654,0.1896744661053846,0.7949207654736636,0.16193309150313845
0.9099876164355648,-0.016991096109436842,0.5838711196663742,-0.01324850107004311,0.8062197465978407,-0.0012366250030496815,0.9618601524415554,-0.022524011333648106,0.4986183376479344,0.03356794362814367,0.009687636052244541,0.10104281516089715,0.515604043633058,0.0540043991574708,0.5234897848377281,0.04959235135229278,0.8956733305146519,-0.025427925606000174,0.31127826705614836,0.17692838697970045,0.9931278066895834,-0.04834061242491697,0.9877130427649642,-0.0670119611931049,0.008565048081226045,-0.23158383135525196,0.5981436498423847,-0.2170330559920185,0.9273851178761446,0.026026610278478805,0.5131402522002552,0.3609201026852237,0.8944611101811574,0.07821837627221787,0.7052188810127029,0.18531844044581702,0.9993549404136854,-0.06694421958765188,0.8768214924577914,0.1194287853521098,0.9437725963728117,0.04444762982890694
0.03780279683599941,-0.007915656269497999,0.9879750571943426,-0.026950140298788446,0.9992602016493688,-0.02636054803688118,0.8048670463398848,-0.0053571755791452106,0.9929505764725568,-0.02663915293536095,0.04579884593227335,0.10202381854963369,0.5101017553784112,0.05533594604209971,0.5259051571324954,0.05089430674119542,0.9936197016052026,-0.08236256382185418,-0.0009358983020757439,0.3780910400671712,0.9746512046492672,-0.028345877126888085,0.9975199723005245,-0.07641016706691035,0.8401386151632093,-0.22616425283636718,0.4945371592185357,-0.20987804013497846,0.9896515852965487,-0.042132385602522554,0.9111145247459891,0.06271009583667878,0.0008908511086426207,1.7351734428661403,0.9922639614204107,-0.04720128854642219,0.9622236260451718,-0.013580010563543918,0.8116175615713536,0.19060335788511124,0.8710817819719018,0.12143445268827277
0.5912987637651003,-0.010582314039913093,0.006707548650184525,-0.02279428167198962,0.9288467705628747,-0.013487838952476735,0.8989314474297623,-0.012438690153766613,0.03291770591185861,0.0742432799215592,0.7910092948020788,0.0011971195503289213,0.805268905867472,0.01853136713312052,0.8084909661450927,0.019184759441657245,0.7199311202269697,0.035659506875979984,0.8345947146045536,-0.014517798101818552,0.9931111466422236,-0.046751000218026285,0.9106216685592289,-0.04335986492560346,0.11105487395796998,-0.2232749044221984,0.7154763324552014,-0.2205564063312099,0.9989700814618651,-0.05398517735749088,0.9107835181933261,0.06459981697499682,0.8739052595766895,0.09877871338036372,0.7898943218523367,0.13210428734177318,0.7998863261108677,0.13253862761815288,0.26956570987415374,0.7048564507097093,0.9282301990604327,0.05684473421894153
0.9930716671327646,-0.026111840203098372,0.9457804235965626,-0.019445331854563822,0.49674934273246096,0.011501017833597867,0.7631822107053057,-0.003936256937245188,0.9929162636519175,-0.02317596901241582,0.9868907720942045,-0.03314494000919514,0.997455210303717,-0.025032309904058005,0.995876929271742,-0.02518775630866385,0.0017942676494815402,0.3918995629761384,0.8062321983768417,0.0006628765831855272,0.8936372268959659,0.027274838936939497,0.9881045768929099,-0.06926263009558198,0.8317763390844379,-0.22593711399929955,0.8637412551288227,-0.23233433455255928,0.9955200352250019,-0.05186457653880238,0.0005809187332015409,1.5533548290284318,0.9295690947907939,0.0444571894269288,0.15773179377419955,0.8899980260808319,0.962632694384812,-0.013617873620185414,0.03109928456609401,1.5333490192472754,0.9296329887883303,0.06309030435235853
0.6621912320770875,-0.009434308733634334,0.7104401460880339,-0.012152216410167394,0.9866124347737933,-0.023099027515765157,0.9926691564409341,-0.029517353614391603,0.9991794536344621,-0.027096840210717687,0.9461231769804801,-0.01887792123754182,0.026397800076813027,0.12156733340247293,0.0007757222087765303,0.18942312852784146,0.980561379529892,-0.06843992140524728,0.873054578676215,-0.01636667915494627,0.3989945340553209,0.28699944289641055,0.27785689285054516,0.07228065519244893,0.9969045103319907,-0.2393429381344511,0.7189233003842492,-0.22126126391993292,0.9743007068087182,-0.021694772940260065,0.037159682289879314,1.1996252643344505,0.013976947953268981,1.5551098995068102,0.9111220750921862,0.051295333032867554,0.9256771354141708,0.018787412662121455,0.993419311736204,-0.0073638951675659,0.38788933760461386,0.549694820782018
0.8370321174985207,-0.01419794475884433,0.002721782307240961,-0.021934071495909726,0.8378753133395371,-0.0028663464194642724,0.8684079702424866,-0.011985941207642483,0.038302257470167245,0.07509219747415051,0.7561913951851909,0.009728460097822644,0.9487948847999247,-0.003238310638006767,0.9568093391586545,-0.01481439820359021,0.9441693822953875,-0.047582293616623084,0.83790757372516,-0.01091237041366603,0.8054237690726243,0.0844808905867696,0.8923497007872205,-0.044114904004818885,0.9271020198103035,-0.22932307641785185,0.5790357521500459,-0.21232003788538167,0.8931066580064138,0.0538764730235902,0.03912647857194895,1.2005819089597627,0.9975861299200947,-0.025031402727699277,0.9081176641600258,0.044855523771746356,0.9868316717129141,-0.04099656882424192,0.9625300738399355,0.03309038480629677,0.012011846089220346,2.2890079956658504
0.4990989531804769,-0.006154416473262169,0.6521479981412324,-0.01267799144398803,0.9744792846863254,-0.017909979386198725,0.7132853962956761,-0.0015015150414757089,0.9756509982804666,-0.019550785942679023,0.5750844152695269,0.033042733230302414,0.7974092551099589,0.011646634449001473,0.9924005108989944,-0.022654220748269453,0.3314538033610529,0.19267231918072883,0.9958524594941822,-0.09205917203522491,0.9992906235988882,-0.05541786356273913,0.00022258281558640292,0.1508549136374167,0.5094714029652319,-0.2254129483770838,0.9430586045361824,-0.2336190987051434,0.8413111755858984,0.08769546930382754,0.871903111810628,0.09969388423748579,0.011669241223722926,1.561165824710289,0.01826941742043564,1.5310537770257433,0.8716352527029364,0.06921706277799868,0.127622032654513,0.9935878843417695,0.9974001543533314,-0.022752108243796008
0.997458519985817,-0.030751540627780214,0.6652518259332572,-0.013255981903133152,0.8393318595979413,-0.004286816492136145,0.9926737565530666,-0.028370046101411178,0.4043235432976089,0.043550128902336664,0.1400803224150302,0.09347332300494156,0.27825010939486383,0.08958231992890316,0.9959290378423062,-0.025763175048625277,0.6457935972922064,0.05465366385342249,9.258858779015444e-05,0.37827154878272906,0.8931221273598293,0.022177471825978703,0.9123075145701988,-0.04530110940209145,0.5824573100927011,-0.22724415058836717,0.24454312305273773,-0.20487689080014915,0.9736488751930895,-0.020622295085807627,0.5987076462304354,0.293157397528031,0.3901856956821316,0.4655837341588614,0.0002299337696302084,1.7282628194491005,0.03705320853870964,1.4447893367241118,0.9990193977727811,-0.016073177243908412,0.9284695766460777,0.07128447081450216
0.9745959976683206,-0.021973671564984018,0.9960742506855841,-0.027402491660063494,0.9457899726859068,-0.012681989343796182,0.7645778415515071,-0.003946565545368372,0.7962152428044513,0.006224567871882115,0.86641073512504,-0.007178450312584473,0.6675191774371947,0.02950139628503824,0.9926784229473503,-0.024187961599519678,0.9805130641208498,-0.07154082242737009,0.8381604714492867,-0.008190880820959315,0.7233083076372242,0.12012746468835557,0.5877059966592577,0.008389673627420189,0.8016290158098573,-0.22569368105535992,0.9604838964365519,-0.2385874102577166,0.5077902475466307,0.3032628458269522,0.9285697182283591,0.05456689453996478,0.5947377546073513,0.30473650462277485,0.7618375521774331,0.1681312233566643,0.4877332957669158,0.348435056395517,0.6726653854055455,0.2806640005393052,0.00952809967098589,2.284965426944826
0.8912697470154729,-0.013140733015426785,0.9973958086608957,-0.02902148011742672,0.9608352636267479,-0.014686327276679019,0.36487929341418335,0.018558928799922984,0.655547852465701,0.018441726014887715,-0.0006312202521376875,0.0999377024641832,0.9111666358357368,0.0021341551256287435,0.967783870219717,-0.011373566365496591,0.9945445899527835,-0.08285116370754446,0.994479040300933,-0.0891224774920574,0.9100200917985477,0.01639668371455578,0.9931679619053434,-0.07599988292521329,0.9472563255257608,-0.2301082867792783,0.9929293046802725,-0.24964224146872155,0.9928672540239345,-0.04068012795433307,0.974796172872539,-0.00135697384071753,0.9934585145878676,-0.020669598911691473,0.9959380744962516,-0.04979108099059649,0.9950537690320258,-0.0637732551769479,0.04624553558847255,1.5467909909769684,0.9975018450314459,-0.026856029138243757
0.9443342407459001,-0.014087570774219538,0.005187049922487197,-0.021043053344445242,0.665912644066691,0.0019422969691707842,0.8688475867019495,-0.010410731188400142,0.752378226591209,0.009933619096620128,0.9605254279600313,-0.022608411940473104,0.9632273978609779,-0.007306972383458767,0.7670489334707129,0.020403055182874042,0.9142438503921683,-0.03787389507030707,0.9944146129071803,-0.08472150150758868,0.871646181456085,0.042295356497950284,0.8051957917555186,-0.02439152435672469,0.37686930151658427,-0.22090147051087616,0.996002153210214,-0.25112717577176735,0.8497029329093269,0.09918624558897424,0.9747614506239977,0.0009693467274870884,0.9483054993261387,0.03596513093107148,0.9992294679252197,-0.057215045564862385,0.9615203510266415,-0.012597234672895646,0.9935058274858565,-0.00518180636050816,0.5889670314491824,0.3394657530947184
0.9975434023523336,-0.02951658270384967,0.9876889264678044,-0.025134512914036407,0.7235853825560781,0.0032436877257954726,0.9745012107130502,-0.021540918033326327,0.9959956551885154,-0.026569507118647966,0.8926219085519382,-0.008932032557413367,0.6068169181697052,0.0419493552059543,0.9840800339708268,-0.019719242613684605,0.18774276796465927,0.26785247074812824,0.9944705536302834,-0.08698508092296302,0.8384675770042094,0.05552660607096198,0.6562002852223707,-0.007462341047001794,0.49491523379798696,-0.22307571255912678,0.9868954108719649,-0.2432447830048102,0.0030637106797443137,0.9663970883993275,0.9975067644753163,-0.02814848889958268,0.9881647131567698,-0.009094018982756824,0.9442344481104878,0.008076069567257815,0.9960467705175041,-0.06128484171005749,0.7711789436279279,0.20184950134762664,0.013381461200223987,2.2909162829526917
0.011968975876853638,-0.010865015071911512,0.27802055896334843,-0.013012358212988838,0.9993159349579243,-0.02986108631431857,0.5182003709915279,0.011146896882963421,0.9740767512924159,-0.018699745022872954,0.7664322362364558,0.012101316457553978,0.5108460497342078,0.055321260207960826,0.9926406803139418,-0.023834884933779804,0.726574861119432,0.03826790011889889,0.2956363899266933,0.17879895877667557,0.9873608407520588,-0.0425753545570085,-8.29782305105109e-05,0.15130873908743847,0.9988388737120246,-0.24008162902276983,0.9608155470831286,-0.23650716912729755,0.0005872781430688034,0.994139275036057,0.8409312832725038,0.11341834609866971,0.01276272701875647,1.563402466488159,0.03961715638838492,1.2869036240313378,0.9926848136559787,-0.05543047301982387,0.8172203098925764,0.1940223234944566,0.5086200326314135,0.4277063387402647
0.0011633044144606641,-0.015347951601203294,0.37580532364705177,-0.013662656071641478,0.9992932920248077,-0.026736792062956226,0.9876038083969333,-0.026418026648054715,0.4054630768604649,0.04226712979445487,0.973992085212525,-0.029376491849908787,0.9957375903240614,-0.02527767562087345,0.9453469624560612,-0.0061843750100714365,0.9903495550496073,-0.07580819852537411,0.9963945330407313,-0.0917886106404645,0.5134072123059796,0.2236838059534798,0.9874822328001497,-0.06804450507237947,0.8924419514220358,-0.2254790630885267,0.01253613791464303,-0.1960128044553715,0.8034052781281206,0.11856522245157998,0.8759174113592996,0.09959404115209614,0.9127174387968902,0.06800880494079177,0.3733115471597458,0.4683992648752322,0.8342611555121475,0.08287985957807797,0.009518762687728222,2.0494586575386116,0.9457344081132276,0.04159792912241965
0.9957139199013578,-0.026170337517614772,0.007834295748311404,-0.021648594367458664,0.01888347352629427,0.0338328023842147,0.892438896395476,-0.011180202195071383,0.8924847920608614,-0.0006765261925694734,0.8691033740254341,-0.004842802508746633,0.5947484901811497,0.041128159523756085,0.9982219393631938,-0.027191660999337862,0.9428563651412649,-0.04829133082423663,0.7158632394645528,0.032342351929776934,0.9878350587735096,-0.041021594778697115,0.9962001315639175,-0.07523935363364019,0.014801276692111953,-0.23137361667999728,0.47613638840106487,-0.21420355445172867,0.9077457060084584,0.038224063473553456,0.03278736897526213,1.2118690118716764,0.010846537394112232,1.5648909457071252,0.035685825886894285,1.288223013910714,0.0332840489180557,1.4408555337771844,0.9759826096641134,0.029637810883170024,0.9877926607773448,-0.007179989119487956
0.665752726865964,-0.01066640072795897,0.5179676679653226,-0.014592252207180058,0.9464776481651623,-0.010833949584338759,0.004251216867276697,0.029160841985901412,0.6647951094283616,0.022619217694777545,0.9614931159465202,-0.023778374428205594,0.6603574017938421,0.032316492404748695,0.014850349746978297,0.17790491033756167,0.9944977747487385,-0.08367526702607268,0.3026173379896132,0.17506061878797632,0.9615437563804154,-0.015635003290634133,0.9449026762415849,-0.05276055684239256,0.008643262406272445,-0.2314372301168318,0.9601267183577664,-0.23820195390901958,0.961136117663209,-0.005525692791868112,0.5093881998465337,0.3518452645719649,0.9991887255970707,-0.0313419443420935,0.5901910010819718,0.29434416869535435,0.38534689311634407,0.4785518036371935,0.9986444574262805,-0.01617379697967255,0.9607297037265343,0.030066332670362666
0.9954460360220522,-0.02593719903215215,-0.000429409105904055,-0.026078363420688363,0.9973106398846071,-0.02607250170359359,0.9464266762158682,-0.02010112135929875,0.36766003170433403,0.04429820234178801,0.750515950102748,0.007602973538740692,0.006898410632958818,0.12379288842357909,0.9957349011167076,-0.02405744356232604,0.9994686319576652,-0.0866337278208667,0.9694910428240908,-0.0660160733477285,0.8029364904633773,0.07337444003274796,0.9480102820248559,-0.049821163138868,0.12549344809037966,-0.22446082405697737,0.9931981250492552,-0.2505394013873246,0.002600790149185239,0.9676007139241398,0.8031890407910245,0.14460362831374116,0.5956364652069257,0.29874675665025846,0.45585208665542853,0.34068603670296754,0.39601442537391407,0.4949477582134641,0.41197359605358586,0.5376021028891859,0.0002500269487619722,3.885130732602732
0.9752631683944198,-0.023110397379268004,0.5741913211149656,-0.012089105096630314,0.986222384569644,-0.0215950072266483,0.8682566533686941,-0.009344799104274422,0.9990686193856323,-0.026403240544059372,0.14535768359807422,0.09510596541530238,0.9932153053685382,-0.023185982003602012,0.9924072224231307,-0.022851012830503312,0.8974947033535541,-0.027861222239696892,0.5580043055107405,0.07545638661740307,0.7933982243875093,0.07370233827911407,-0.00012533465464747984,0.15226376665471228,0.8931805492392138,-0.2274787098741451,0.7935167549179896,-0.22425321259790243,0.9610072764698838,-0.006406985570473853,0.025777322567442917,1.2101797305827797,0.998598975692366,-0.030527030597099346,0.028332844211024,1.2666933891301038,0.8368332852486036,0.08995283953175279,0.8510329236540545,0.14985646946149972,0.7211310156502376,0.24049320649701075
0.9467636210670952,-0.018711502989521938,0.9930926723106186,-0.026063666313523522,0.799041131580453,-0.0039076412031222585,0.9460185053101284,-0.017121983012343297,0.5895440680511665,0.024492922042189533,0.9888526872960313,-0.03508953695112474,0.9994014972164806,-0.0277192714556062,0.36537845590695406,0.07073316734917144,0.9586516746455161,-0.056452285938508456,0.9430028211892406,-0.052931930543302766,0.9110469571175274,0.02250282593578337,0.04058535089033444,0.1314665538108726,0.2682803611516904,-0.22314153448221116,0.8917673014214161,-0.23165372130417355,0.996874345025593,-0.050800158229792704,0.4070018452076025,0.4733140063207349,-8.406721533393835e-05,1.7350761288891268,0.9993157677296653,-0.05973317671868076,0.030890880607065907,1.4382421440107915,0.9756813210512582,0.02688882426527122,0.9753703279093134,0.01535488460419322
0.008359733652090195,-0.012139772668518053,0.9114067748582836,-0.013718909364859902,0.7131006848209661,-0.002270454290560429,0.987374178708937,-0.02467934809021214,0.867147248812052,-3.722029044751244e-05,0.9973190945869048,-0.03916314362258614,0.92697029866683,-0.0026363161201539585,0.9977034153878186,-0.026895274034654422,0.5588782233173105,0.08197907358858525,0.9797360705873219,-0.07359578809204632,0.5029850950554413,0.21813286311746075,0.8707731752047364,-0.0368559120775468,0.3866031802119472,-0.2232131445782922,0.9992047523643357,-0.24975559805634373,0.9929596174528734,-0.04877801024328005,0.9094599793774341,0.05677864168968899,0.2622490975114369,0.6188633978625645,0.3911018196623147,0.4882772140629151,0.8026438632623594,0.1366827527486621,0.00038934547014068954,2.5856492746438615,0.005918698619480356,2.2832253511153726
